protocol,speed,run,txPackets,rxPackets,lostPackets,rxBytes,pdrPct,throughputMbps,delayMs,jitterMs
AODV,1,1,4120,2050,1913,2.1566e+06,49.7573,0.167769,4.68092,3.13475
AODV,1,2,4120,4119,1,4.33319e+06,99.9757,0.336874,5.89058,3.66468
AODV,1,3,4120,2048,1914,2.1545e+06,49.7087,0.167851,11.9544,8.2624
AODV,1,4,4120,3824,216,4.02285e+06,92.8155,0.333477,6.4893,4.2654
AODV,1,5,4120,3324,716,3.49685e+06,80.6796,0.330614,15.9797,10.4328
AODV,5,1,4120,3501,539,3.68305e+06,84.9757,0.289193,7.83493,4.68163
AODV,5,2,4120,1460,2502,1.53592e+06,35.4369,0.120899,16.634,7.07023
AODV,5,3,4120,4059,61,4.27007e+06,98.5194,0.331954,16.3722,8.97267
AODV,5,4,4120,2589,1452,2.72363e+06,62.8398,0.215172,10.1292,5.61862
AODV,5,5,4120,2750,1301,2.893e+06,66.7476,0.224926,17.5385,9.85764
AODV,10,1,4120,2243,1748,2.35964e+06,54.4417,0.184866,11.181,5.72728
AODV,10,2,4120,3125,915,3.2875e+06,75.8495,0.257083,15.5034,7.50953
AODV,10,3,4120,2367,1672,2.49008e+06,57.4515,0.197308,16.0094,9.35406
AODV,10,4,4120,1599,2271,1.68215e+06,38.8107,0.137248,7.51235,4.28963
AODV,10,5,4120,3659,387,3.84927e+06,88.8107,0.303048,17.2442,10.5523
AODV,20,1,4120,3283,756,3.45372e+06,79.6845,0.271887,9.96463,7.00705
AODV,20,2,4120,3017,1023,3.17388e+06,73.2282,0.246983,13.5783,8.54459
AODV,20,3,4120,3820,298,4.01864e+06,92.7184,0.312313,12.2972,6.95019
AODV,20,4,4120,3199,841,3.36535e+06,77.6456,0.264323,13.4596,8.20534
AODV,20,5,4120,3014,988,3.17073e+06,73.1553,0.249645,9.92639,8.01233
OLSR,1,1,4120,4116,4,4.33003e+06,99.9029,0.336612,7.53776,3.76594
OLSR,1,2,4120,4120,0,4.33424e+06,100,0.336957,4.6974,1.95999
OLSR,1,3,4120,3647,473,3.83664e+06,88.5194,0.298227,15.2486,8.45011
OLSR,1,4,4120,2439,1602,2.56583e+06,59.199,0.199472,3.70184,1.28077
OLSR,1,5,4120,3819,301,4.01759e+06,92.6942,0.31231,13.774,7.10302
OLSR,5,1,4120,2008,1954,2.11242e+06,48.7379,0.164224,3.52565,1.08195
OLSR,5,2,4120,2291,1750,2.41013e+06,55.6068,0.187358,6.48755,3.20152
OLSR,5,3,4120,3497,611,3.67884e+06,84.8786,0.285998,7.28531,3.66351
OLSR,5,4,4120,3496,563,3.67779e+06,84.8544,0.285918,7.34263,3.64039
OLSR,5,5,4120,2944,1097,3.09709e+06,71.4563,0.242362,6.61381,3.23056
OLSR,10,1,4120,1994,1913,2.09769e+06,48.3981,0.174755,5.35002,2.57515
OLSR,10,2,4120,2766,1262,2.90983e+06,67.1359,0.225907,6.81834,2.83014
OLSR,10,3,4120,1433,2505,1.50752e+06,34.7816,0.117254,12.9647,6.32554
OLSR,10,4,4120,3599,477,3.78615e+06,87.3544,0.297936,5.94211,2.70549
OLSR,10,5,4120,2092,1927,2.20078e+06,50.7767,0.189679,6.17997,2.86292
OLSR,20,1,4120,1339,2583,1.40863e+06,32.5,0.143834,3.33224,1.34576
OLSR,20,2,4120,2843,1198,2.99084e+06,69.0049,0.232515,6.3092,3.14276
OLSR,20,3,4120,2841,1195,2.98873e+06,68.9563,0.246359,8.57469,5.32869
OLSR,20,4,4120,2215,1767,2.33018e+06,53.7621,0.187653,10.1058,5.65082
OLSR,20,5,4120,1046,2854,1.10039e+06,25.3883,0.181535,7.50708,4.38238
DSDV,1,1,4120,2060,1902,2.16712e+06,50,0.168478,3.67355,1.1606
DSDV,1,2,4120,4119,1,4.33319e+06,99.9757,0.336874,4.72787,1.99706
DSDV,1,3,4120,1514,2448,1.59273e+06,36.7476,0.123805,7.79021,3.91651
DSDV,1,4,4120,2651,1311,2.78885e+06,64.3447,0.234161,3.56962,1.09218
DSDV,1,5,4120,2561,1480,2.69417e+06,62.1602,0.20944,10.4978,5.78074
DSDV,5,1,4120,1230,2653,1.29396e+06,29.8544,0.101958,4.41652,2.14075
DSDV,5,2,4120,3085,956,3.24542e+06,74.8786,0.258171,4.97647,1.99476
DSDV,5,3,4120,1435,2448,1.50962e+06,34.8301,0.144706,7.12232,3.49316
DSDV,5,4,4120,2139,1902,2.25023e+06,51.9175,0.255589,4.74603,1.79808
DSDV,5,5,4120,2897,1144,3.04764e+06,70.3155,0.236924,7.7655,3.67466
DSDV,10,1,4120,1850,2036,1.9462e+06,44.9029,0.177102,5.65844,2.82162
DSDV,10,2,4120,2762,1279,2.90562e+06,67.0388,0.225887,6.61808,3.33407
DSDV,10,3,4120,1679,2283,1.76631e+06,40.7524,0.15461,6.23535,2.92001
DSDV,10,4,4120,2463,1578,2.59108e+06,59.7816,0.202252,5.81148,2.89939
DSDV,10,5,4120,1056,2827,1.11091e+06,25.6311,0.090874,4.54971,3.4288
DSDV,20,1,4120,1131,2752,1.18981e+06,27.4515,0.119169,5.25732,2.58037
DSDV,20,2,4120,1193,2690,1.25504e+06,28.9563,0.11466,3.31158,1.38633
DSDV,20,3,4120,1646,2232,1.73159e+06,39.9515,0.154042,4.90129,2.0775
DSDV,20,4,4120,1585,2373,1.66742e+06,38.4709,0.14149,5.21515,2.49468
DSDV,20,5,4120,1927,1994,2.0272e+06,46.7718,0.240216,5.52757,3.12066
