protocol,speed,n_runs,confidence,pdrPct_n,pdrPct_mean,pdrPct_std,pdrPct_ci_half,throughputMbps_n,throughputMbps_mean,throughputMbps_std,throughputMbps_ci_half,delayMs_n,delayMs_mean,delayMs_std,delayMs_ci_half,jitterMs_n,jitterMs_mean,jitterMs_std,jitterMs_ci_half
AODV,1,5,0.95,5,74.5874,23.7141,29.4449,5,0.267317,0.0908641,0.112823,5,8.99899,4.79769,5.95712,5,5.952,3.21826,3.996
AODV,5,5,0.95,5,69.7039,23.946,29.7329,5,0.236429,0.0803748,0.0997985,5,13.7018,4.40547,5.47011,5,7.24016,2.18272,2.71021
AODV,10,5,0.95,5,63.0728,19.4963,24.2079,5,0.215911,0.0647799,0.0804348,5,13.4901,4.04841,5.02677,5,7.48656,2.55941,3.17793
AODV,20,5,0.95,5,79.2864,8.02438,9.96358,5,0.26903,0.0262944,0.0326488,5,11.8452,1.80503,2.24124,5,7.7439,0.724398,0.899459
OLSR,1,5,0.95,5,88.0631,16.8631,20.9383,5,0.296716,0.0568174,0.0705482,5,8.99192,5.2573,6.52781,5,4.51197,3.15168,3.91332
OLSR,5,5,0.95,5,69.1068,16.5786,20.5851,5,0.233172,0.0559239,0.0694387,5,6.25099,1.57135,1.95109,5,2.96358,1.07429,1.33391
OLSR,10,5,0.95,5,57.6893,20.1751,25.0506,5,0.201106,0.0667968,0.0829392,5,7.45103,3.1268,3.88243,5,3.45985,1.60599,1.9941
OLSR,20,5,0.95,5,49.9223,20.2894,25.1926,5,0.198379,0.041356,0.0513502,5,7.1658,2.55807,3.17626,5,3.97008,1.76155,2.18725
DSDV,1,5,0.95,5,62.6456,23.597,29.2996,5,0.214552,0.0802047,0.0995872,5,6.05182,3.01494,3.74354,5,2.78942,2.0236,2.51263
DSDV,5,5,0.95,5,52.3592,20.27,25.1685,5,0.19947,0.0715989,0.0889018,5,5.80537,1.526,1.89477,5,2.62028,0.890347,1.10551
DSDV,10,5,0.95,5,47.6214,16.3023,20.2419,5,0.170145,0.0517486,0.0642543,5,5.77461,0.780859,0.969565,5,3.08078,0.278923,0.346328
DSDV,20,5,0.95,5,36.3204,8.06117,10.0093,5,0.153915,0.0508687,0.0631618,5,4.84258,0.884227,1.09791,5,2.33191,0.645989,0.802101
