protocol,speed,run,flowId,txPackets,rxPackets,lostPackets,rxBytes,throughputMbps,pdrPct,delayMs,jitterMs
aodv,1.000000,1,1,1030,2,949,2104,0.000261,0.194175,24.678034,10.413177
aodv,1.000000,1,2,1030,1018,12,1070936,0.083257,98.834951,3.888388,1.742496
aodv,1.000000,1,3,1030,2,950,2104,0.000175,0.194175,15.377823,10.561737
aodv,1.000000,1,4,1030,1028,2,1081456,0.084076,99.805825,5.406031,4.499126
aodv,1.000000,2,1,1030,1029,1,1082508,0.084158,99.902913,7.187942,6.631608
aodv,1.000000,2,2,1030,1030,0,1083560,0.084237,100.000000,6.168047,3.024854
aodv,1.000000,2,3,1030,1030,0,1083560,0.084238,100.000000,4.766293,2.202855
aodv,1.000000,2,4,1030,1030,0,1083560,0.084241,100.000000,5.441292,2.802298
aodv,1.000000,3,1,1030,1015,15,1067780,0.082985,98.543689,10.835909,6.477401
aodv,1.000000,3,2,1030,11,940,11572,0.001239,1.067961,8.482984,4.547405
aodv,1.000000,3,3,1030,3,948,3156,0.000312,0.291262,48.872935,20.598133
aodv,1.000000,3,4,1030,1019,11,1071988,0.083315,98.932039,12.997345,10.052648
aodv,1.000000,4,1,1030,774,177,814248,0.084034,75.145631,9.825157,4.139823
aodv,1.000000,4,2,1030,1030,0,1083560,0.084237,100.000000,3.022216,1.325715
aodv,1.000000,4,3,1030,990,39,1041480,0.080968,96.116505,7.002277,6.467663
aodv,1.000000,4,4,1030,1030,0,1083560,0.084238,100.000000,6.956595,5.182747
aodv,1.000000,5,1,1030,1028,2,1081456,0.084075,99.805825,12.326589,7.857390
aodv,1.000000,5,2,1030,994,36,1045688,0.081292,96.504854,24.265840,17.077042
aodv,1.000000,5,3,1030,1029,0,1082508,0.084158,99.902913,8.094289,4.749598
aodv,1.000000,5,4,1030,273,678,287196,0.081089,26.504854,29.287489,17.379554
aodv,1.000000,6,1,1030,896,56,942592,0.076231,86.990291,12.098169,6.368016
aodv,1.000000,6,2,1030,1027,2,1080404,0.083985,99.708738,18.848427,10.335292
aodv,1.000000,6,3,1030,1030,0,1083560,0.084240,100.000000,7.989276,5.167327
aodv,1.000000,6,4,1030,987,43,1038324,0.080715,95.825243,24.611484,16.659746
aodv,1.000000,7,1,1030,3,948,3156,0.000365,0.291262,26.421692,15.235399
aodv,1.000000,7,2,1030,1030,0,1083560,0.084241,100.000000,2.841627,1.084899
aodv,1.000000,7,3,1030,1030,0,1083560,0.084240,100.000000,7.870384,3.277664
aodv,1.000000,7,4,1030,544,409,572288,0.048072,52.815534,13.779029,6.838738
aodv,1.000000,8,1,1030,950,80,999400,0.077694,92.233010,11.580784,7.410139
aodv,1.000000,8,2,1030,1021,9,1074092,0.083498,99.126214,13.204489,6.672948
aodv,1.000000,8,3,1030,1029,1,1082508,0.084157,99.902913,7.065066,3.895532
aodv,1.000000,8,4,1030,1030,0,1083560,0.084240,100.000000,7.208823,4.099720
aodv,1.000000,9,1,1030,1010,20,1062520,0.082603,98.058252,23.999089,11.360075
aodv,1.000000,9,2,1030,1029,1,1082508,0.084158,99.902913,5.657995,2.819448
aodv,1.000000,9,3,1030,1030,0,1083560,0.084237,100.000000,4.622473,2.195137
aodv,1.000000,9,4,1030,16,935,16832,0.001457,1.553398,666.119094,214.133257
aodv,1.000000,10,1,1030,997,33,1048844,0.081538,96.796117,22.673566,11.969035
aodv,1.000000,10,2,1030,1026,4,1079352,0.083909,99.611650,11.935465,6.750107
aodv,1.000000,10,3,1030,1023,7,1076196,0.083667,99.320388,8.367802,5.571098
aodv,1.000000,10,4,1030,1029,1,1082508,0.084157,99.902913,9.926011,4.766545
aodv,1.000000,11,1,1030,792,238,833184,0.064773,76.893204,29.991028,8.431937
aodv,1.000000,11,2,1030,1030,0,1083560,0.084236,100.000000,11.979323,5.329996
aodv,1.000000,11,3,1030,1029,1,1082508,0.084158,99.902913,7.340073,5.480605
aodv,1.000000,11,4,1030,1030,0,1083560,0.084235,100.000000,7.180585,3.600342
aodv,1.000000,12,1,1030,1029,1,1082508,0.084148,99.902913,5.396848,2.772003
aodv,1.000000,12,2,1030,76,877,79952,0.006668,7.378641,74.538335,68.882644
aodv,1.000000,12,3,1030,1002,28,1054104,0.081948,97.281553,12.616875,7.847883
aodv,1.000000,12,4,1030,1030,0,1083560,0.084240,100.000000,5.050009,2.719263
aodv,1.000000,13,1,1030,4,947,4208,0.000396,0.388350,18.400484,6.265674
aodv,1.000000,13,2,1030,8,939,8416,0.000674,0.776699,147.079527,112.879091
aodv,1.000000,13,3,1030,104,858,109408,0.008589,10.097087,23.900545,18.366288
aodv,1.000000,13,4,1030,999,31,1050948,0.081706,96.990291,8.970294,3.407002
aodv,1.000000,14,1,1030,1030,0,1083560,0.084233,100.000000,4.777259,1.918947
aodv,1.000000,14,2,1030,1030,0,1083560,0.084237,100.000000,5.362582,1.693332
aodv,1.000000,14,3,1030,1030,0,1083560,0.084239,100.000000,1.912404,0.727879
aodv,1.000000,14,4,1030,0,951,0,0.000000,0.000000,0.000000,0.000000
aodv,1.000000,15,1,1030,1,950,1052,0.000097,0.097087,14.758709,0.000000
aodv,1.000000,15,2,1030,1030,0,1083560,0.084239,100.000000,6.696511,3.645762
aodv,1.000000,15,3,1030,1021,9,1074092,0.083501,99.126214,7.939675,6.183257
aodv,1.000000,15,4,1030,12,940,12624,0.001308,1.165049,499.692350,285.475013
aodv,1.000000,16,1,1030,969,61,1019388,0.079251,94.077670,11.760150,7.136816
aodv,1.000000,16,2,1030,1026,4,1079352,0.083909,99.611650,11.402181,7.548070
aodv,1.000000,16,3,1030,1008,22,1060416,0.082438,97.864078,13.226967,6.416057
aodv,1.000000,16,4,1030,324,627,340848,0.072564,31.456311,34.631447,19.838421
aodv,1.000000,17,1,1030,27,924,28404,0.002565,2.621359,11.834010,7.579776
aodv,1.000000,17,2,1030,1028,2,1081456,0.084075,99.805825,4.046774,1.687943
aodv,1.000000,17,3,1030,1030,0,1083560,0.084240,100.000000,5.238778,2.751717
aodv,1.000000,17,4,1030,5,949,5260,0.000423,0.485437,91.628097,102.579922
aodv,1.000000,18,1,1030,1,950,1052,0.000095,0.097087,39.280989,0.000000
aodv,1.000000,18,2,1030,928,102,976256,0.075895,90.097087,7.911858,5.273342
aodv,1.000000,18,3,1030,1021,9,1074092,0.083504,99.126214,7.011303,4.501069
aodv,1.000000,18,4,1030,1029,1,1082508,0.084156,99.902913,6.823369,3.742240
aodv,1.000000,19,1,1030,262,690,275624,0.022024,25.436893,34.272868,27.731055
aodv,1.000000,19,2,1030,660,291,694320,0.078671,64.077670,14.094295,7.173757
aodv,1.000000,19,3,1030,1030,0,1083560,0.084240,100.000000,8.349677,5.167490
aodv,1.000000,19,4,1030,1029,1,1082508,0.084157,99.902913,9.179177,4.814650
aodv,1.000000,20,1,1030,7,944,7364,0.000642,0.679612,442.248157,839.741242
aodv,1.000000,20,2,1030,1021,9,1074092,0.083502,99.126214,10.823657,7.744958
aodv,1.000000,20,3,1030,5,945,5260,0.000492,0.485437,24.734275,14.516998
aodv,1.000000,20,4,1030,1027,3,1080404,0.083994,99.708738,6.807544,4.671036
aodv,1.000000,21,1,1030,15,936,15780,0.001329,1.456311,14.834573,6.592492
aodv,1.000000,21,2,1030,1021,9,1074092,0.083500,99.126214,12.160639,8.887299
aodv,1.000000,21,3,1030,1029,1,1082508,0.084158,99.902913,11.349997,5.196468
aodv,1.000000,21,4,1030,1029,1,1082508,0.084153,99.902913,14.610707,7.202196
aodv,1.000000,22,1,1030,621,330,653292,0.062655,60.291262,13.928502,6.954268
aodv,1.000000,22,2,1030,388,563,408176,0.038637,37.669903,14.244723,6.042263
aodv,1.000000,22,3,1030,1018,12,1070936,0.083258,98.834951,15.226589,10.584062
aodv,1.000000,22,4,1030,1030,0,1083560,0.084241,100.000000,3.993983,2.315231
aodv,1.000000,23,1,1030,1027,3,1080404,0.083981,99.708738,18.481237,9.723565
aodv,1.000000,23,2,1030,1,950,1052,0.001350,0.097087,36.136797,0.000000
aodv,1.000000,23,3,1030,959,71,1008868,0.078429,93.106796,16.033208,8.779667
aodv,1.000000,23,4,1030,1021,9,1074092,0.083497,99.126214,18.447891,10.746400
aodv,1.000000,24,1,1030,981,48,1032012,0.080226,95.242718,28.769223,11.192004
aodv,1.000000,24,2,1030,909,121,956268,0.074339,88.252427,23.940526,10.646327
aodv,1.000000,24,3,1030,1030,0,1083560,0.084238,100.000000,10.888039,4.698321
aodv,1.000000,24,4,1030,1030,0,1083560,0.084240,100.000000,3.223481,1.533708
aodv,1.000000,25,1,1030,1021,9,1074092,0.083500,99.126214,13.645971,6.821395
aodv,1.000000,25,2,1030,689,341,724828,0.056348,66.893204,9.956822,5.809527
aodv,1.000000,25,3,1030,1030,0,1083560,0.084241,100.000000,4.017116,2.133533
aodv,1.000000,25,4,1030,1030,0,1083560,0.084240,100.000000,5.140034,2.270443
aodv,5.000000,1,1,1030,5,947,5260,0.000436,0.485437,18.692849,6.765150
aodv,5.000000,1,2,1030,1025,5,1078300,0.083829,99.514563,6.438942,4.964888
aodv,5.000000,1,3,1030,96,892,100992,0.007851,9.320388,31.647077,22.077312
aodv,5.000000,1,4,1030,1027,3,1080404,0.083994,99.708738,4.783656,3.047546
aodv,5.000000,2,1,1030,175,776,184100,0.017224,16.990291,6.590194,2.693253
aodv,5.000000,2,2,1030,1028,2,1081456,0.084073,99.805825,12.394859,6.208619
aodv,5.000000,2,3,1030,1022,8,1075144,0.083583,99.223301,6.378212,4.108852
aodv,5.000000,2,4,1030,2,949,2104,0.000260,0.194175,675.721280,1313.261833
aodv,5.000000,3,1,1030,1025,3,1078300,0.083828,99.514563,7.320301,3.969024
aodv,5.000000,3,2,1030,113,900,118876,0.009406,10.970874,23.249760,13.624097
aodv,5.000000,3,3,1030,1030,0,1083560,0.084240,100.000000,8.268549,5.041676
aodv,5.000000,3,4,1030,1027,3,1080404,0.083993,99.708738,9.785367,5.458542
aodv,5.000000,4,1,1030,411,540,432372,0.041075,39.902913,19.842676,11.028008
aodv,5.000000,4,2,1030,1021,9,1074092,0.083503,99.126214,11.851142,7.341003
aodv,5.000000,4,3,1030,1022,8,1075144,0.083584,99.223301,9.986495,5.594241
aodv,5.000000,4,4,1030,672,294,706944,0.054958,65.242718,6.285496,3.277301
aodv,5.000000,5,1,1030,1016,14,1068832,0.083090,98.640777,20.747249,15.173900
aodv,5.000000,5,2,1030,772,258,812144,0.063137,74.951456,12.719559,7.491244
aodv,5.000000,5,3,1030,1027,3,1080404,0.083992,99.708738,9.516254,6.305346
aodv,5.000000,5,4,1030,670,359,704840,0.054796,65.048544,15.618009,9.407435
aodv,5.000000,6,1,1030,925,66,973100,0.075644,89.805825,23.291750,11.361173
aodv,5.000000,6,2,1030,1030,0,1083560,0.084237,100.000000,6.242942,3.146390
aodv,5.000000,6,3,1030,1021,9,1074092,0.083502,99.126214,12.822028,8.843636
aodv,5.000000,6,4,1030,1011,18,1063572,0.082679,98.155340,18.299219,12.826588
aodv,5.000000,7,1,1030,1022,8,1075144,0.083585,99.223301,9.341736,4.319092
aodv,5.000000,7,2,1030,1022,8,1075144,0.083581,99.223301,7.880084,3.230218
aodv,5.000000,7,3,1030,1030,0,1083560,0.084237,100.000000,6.311934,2.951901
aodv,5.000000,7,4,1030,1029,1,1082508,0.084156,99.902913,9.411606,4.318422
aodv,5.000000,8,1,1030,1021,9,1074092,0.083491,99.126214,12.329756,8.081803
aodv,5.000000,8,2,1030,1002,28,1054104,0.081939,97.281553,16.322876,12.262765
aodv,5.000000,8,3,1030,1024,6,1077248,0.083744,99.417476,13.008581,9.836385
aodv,5.000000,8,4,1030,1030,0,1083560,0.084238,100.000000,5.177518,2.601222
aodv,5.000000,9,1,1030,999,31,1050948,0.081698,96.990291,14.274298,7.680698
aodv,5.000000,9,2,1030,1022,8,1075144,0.083574,99.223301,17.675837,9.926299
aodv,5.000000,9,3,1030,1017,12,1069884,0.083167,98.737864,8.858639,6.005275
aodv,5.000000,9,4,1030,823,207,865796,0.067306,79.902913,20.096514,12.508397
aodv,5.000000,10,1,1030,820,210,862640,0.067064,79.611650,17.568671,12.166578
aodv,5.000000,10,2,1030,1022,8,1075144,0.083585,99.223301,8.742194,4.059760
aodv,5.000000,10,3,1030,1030,0,1083560,0.084237,100.000000,5.136365,2.361501
aodv,5.000000,10,4,1030,1000,29,1052000,0.081782,97.087379,11.667877,6.526584
aodv,5.000000,11,1,1030,1018,12,1070936,0.083256,98.834951,11.706300,5.989574
aodv,5.000000,11,2,1030,1017,13,1069884,0.083176,98.737864,5.081193,2.504713
aodv,5.000000,11,3,1030,7,947,7364,0.000598,0.679612,46.635067,57.394338
aodv,5.000000,11,4,1030,879,150,924708,0.071887,85.339806,14.785711,9.234920
aodv,5.000000,12,1,1030,1025,5,1078300,0.083825,99.514563,10.692684,6.730579
aodv,5.000000,12,2,1030,520,437,547040,0.043618,50.485437,14.139960,7.369994
aodv,5.000000,12,3,1030,1022,8,1075144,0.083585,99.223301,11.363917,6.828075
aodv,5.000000,12,4,1030,1008,21,1060416,0.082437,97.864078,20.335301,10.151586
aodv,5.000000,13,1,1030,10,941,10520,0.000990,0.970874,117.249149,45.870790
aodv,5.000000,13,2,1030,1026,4,1079352,0.083911,99.611650,8.582783,4.329759
aodv,5.000000,13,3,1030,1024,6,1077248,0.083744,99.417476,9.633050,6.471069
aodv,5.000000,13,4,1030,1029,1,1082508,0.084158,99.902913,6.250016,3.492748
aodv,5.000000,14,1,1030,189,762,198828,0.024135,18.349515,22.562521,12.442115
aodv,5.000000,14,2,1030,989,41,1040428,0.080884,96.019417,9.231652,6.560101
aodv,5.000000,14,3,1030,1028,2,1081456,0.084076,99.805825,15.614279,10.498645
aodv,5.000000,14,4,1030,679,351,714308,0.055532,65.922330,5.778345,2.906238
aodv,5.000000,15,1,1030,1030,0,1083560,0.084238,100.000000,11.442777,6.350613
aodv,5.000000,15,2,1030,446,530,469192,0.036471,43.300971,24.463018,15.261373
aodv,5.000000,15,3,1030,1027,3,1080404,0.083981,99.708738,8.851175,4.947932
aodv,5.000000,15,4,1030,2,950,2104,0.000169,0.194175,26.386449,3.293324
aodv,5.000000,16,1,1030,1,950,1052,0.000941,0.097087,48.357712,0.000000
aodv,5.000000,16,2,1030,1029,1,1082508,0.084158,99.902913,4.513439,2.274611
aodv,5.000000,16,3,1030,1028,2,1081456,0.084075,99.805825,5.981760,2.623808
aodv,5.000000,16,4,1030,1008,22,1060416,0.082438,97.864078,9.846407,4.690405
aodv,5.000000,17,1,1030,461,491,484972,0.038597,44.757282,8.788724,4.184743
aodv,5.000000,17,2,1030,19,933,19988,0.001575,1.844660,13.728207,11.304592
aodv,5.000000,17,3,1030,1014,15,1066728,0.082931,98.446602,18.299861,6.092136
aodv,5.000000,17,4,1030,897,118,943644,0.074444,87.087379,12.652334,6.368189
aodv,5.000000,18,1,1030,1028,2,1081456,0.084075,99.805825,7.706116,5.717316
aodv,5.000000,18,2,1030,11,950,11572,0.000930,1.067961,17.254949,6.371836
aodv,5.000000,18,3,1030,1023,7,1076196,0.083664,99.320388,12.878416,11.861683
aodv,5.000000,18,4,1030,994,6,1045688,0.083731,96.504854,11.168419,5.266830
aodv,5.000000,19,1,1030,932,98,980464,0.076226,90.485437,5.650264,3.312411
aodv,5.000000,19,2,1030,1014,16,1066728,0.082932,98.446602,8.558716,4.799023
aodv,5.000000,19,3,1030,23,928,24196,0.002124,2.233010,13.402693,6.802470
aodv,5.000000,19,4,1030,46,905,48392,0.008699,4.466019,10.063153,6.409103
aodv,5.000000,20,1,1030,1030,0,1083560,0.084235,100.000000,5.681853,3.037775
aodv,5.000000,20,2,1030,1028,2,1081456,0.084076,99.805825,19.737026,10.621912
aodv,5.000000,20,3,1030,1029,1,1082508,0.084156,99.902913,11.371692,6.276008
aodv,5.000000,20,4,1030,1030,0,1083560,0.084236,100.000000,10.343391,7.449857
aodv,5.000000,21,1,1030,1030,0,1083560,0.084238,100.000000,5.125869,2.370814
aodv,5.000000,21,2,1030,1030,0,1083560,0.084240,100.000000,4.962738,2.412693
aodv,5.000000,21,3,1030,1010,20,1062520,0.082598,98.058252,5.915506,2.261779
aodv,5.000000,21,4,1030,1030,0,1083560,0.084224,100.000000,6.798095,4.659072
aodv,5.000000,22,1,1030,42,909,44184,0.007222,4.077670,15.153338,6.070930
aodv,5.000000,22,2,1030,971,39,1021492,0.079484,94.271845,20.463329,13.690795
aodv,5.000000,22,3,1030,1028,2,1081456,0.084040,99.805825,5.868743,2.817367
aodv,5.000000,22,4,1030,681,349,716412,0.055679,66.116505,14.481587,6.630953
aodv,5.000000,23,1,1030,1016,14,1068832,0.083091,98.640777,10.682084,5.618618
aodv,5.000000,23,2,1030,20,931,21040,0.002380,1.941748,66.582263,48.444168
aodv,5.000000,23,3,1030,1027,3,1080404,0.083994,99.708738,13.088315,13.562754
aodv,5.000000,23,4,1030,986,44,1037272,0.080639,95.728155,7.791987,3.483014
aodv,5.000000,24,1,1030,31,920,32612,0.002823,3.009709,61.286901,39.018770
aodv,5.000000,24,2,1030,960,70,1009920,0.078514,93.203883,10.038692,5.014070
aodv,5.000000,24,3,1030,315,636,331380,0.084148,30.582524,7.832688,8.597838
aodv,5.000000,24,4,1030,1030,0,1083560,0.084241,100.000000,5.251202,3.140961
aodv,5.000000,25,1,1030,37,914,38924,0.003413,3.592233,38.773257,18.452582
aodv,5.000000,25,2,1030,994,36,1045688,0.081294,96.504854,5.094463,2.999157
aodv,5.000000,25,3,1030,1024,2,1077248,0.083742,99.417476,5.164223,3.680997
aodv,5.000000,25,4,1030,1030,0,1083560,0.084236,100.000000,9.589192,3.990125
aodv,10.000000,1,1,1030,1018,12,1070936,0.083254,98.834951,10.559562,8.257216
aodv,10.000000,1,2,1030,879,151,924708,0.071888,85.339806,28.327413,11.301767
aodv,10.000000,1,3,1030,1015,15,1067780,0.083007,98.543689,12.644330,7.637639
aodv,10.000000,1,4,1030,833,194,876316,0.068128,80.873786,7.894688,5.999544
aodv,10.000000,2,1,1030,1026,4,1079352,0.083905,99.611650,8.267053,5.290882
aodv,10.000000,2,2,1030,966,64,1016232,0.079002,93.786408,46.593411,17.330222
aodv,10.000000,2,3,1030,0,951,0,0.000000,0.000000,0.000000,0.000000
aodv,10.000000,2,4,1030,1007,23,1059364,0.082353,97.766990,13.825966,12.151369
aodv,10.000000,3,1,1030,51,900,53652,0.007082,4.951456,9.552925,4.880124
aodv,10.000000,3,2,1030,1020,10,1073040,0.083413,99.029126,13.004366,6.584616
aodv,10.000000,3,3,1030,1002,28,1054104,0.081948,97.281553,16.562663,8.453285
aodv,10.000000,3,4,1030,613,343,644876,0.050132,59.514563,12.065034,6.393887
aodv,10.000000,4,1,1030,1013,17,1065676,0.082843,98.349515,17.398646,9.905790
aodv,10.000000,4,2,1030,985,1,1036220,0.084154,95.631068,11.196838,5.185659
aodv,10.000000,4,3,1030,1018,12,1070936,0.083249,98.834951,10.786782,6.375586
aodv,10.000000,4,4,1030,965,62,1015180,0.078924,93.689320,23.504351,14.649846
aodv,10.000000,5,1,1030,990,40,1041480,0.080966,96.116505,7.688731,4.328541
aodv,10.000000,5,2,1030,329,621,346108,0.030785,31.941748,17.204767,9.816117
aodv,10.000000,5,3,1030,1026,4,1079352,0.083913,99.611650,6.754928,4.170091
aodv,10.000000,5,4,1030,213,738,224076,0.019739,20.679612,37.457934,28.270528
aodv,10.000000,6,1,1030,994,27,1045688,0.081293,96.504854,7.377419,4.210033
aodv,10.000000,6,2,1030,1014,16,1066728,0.082931,98.446602,13.993125,8.011894
aodv,10.000000,6,3,1030,978,52,1028856,0.079983,94.951456,13.490277,8.117068
aodv,10.000000,6,4,1030,161,790,169372,0.015485,15.631068,88.457840,69.882846
aodv,10.000000,7,1,1030,1026,4,1079352,0.083907,99.611650,8.596184,5.948022
aodv,10.000000,7,2,1030,15,936,15780,0.001401,1.456311,88.742339,59.235004
aodv,10.000000,7,3,1030,968,9,1018336,0.083466,93.980583,8.445506,6.325054
aodv,10.000000,7,4,1030,250,780,263000,0.020446,24.271845,23.729580,15.675555
aodv,10.000000,8,1,1030,46,905,48392,0.004114,4.466019,143.161221,50.427154
aodv,10.000000,8,2,1030,1028,2,1081456,0.084075,99.805825,6.956929,3.426146
aodv,10.000000,8,3,1030,1025,5,1078300,0.083826,99.514563,10.636588,7.777394
aodv,10.000000,8,4,1030,1029,1,1082508,0.084154,99.902913,5.028494,2.700830
aodv,10.000000,9,1,1030,985,45,1036220,0.080559,95.631068,15.213142,11.003401
aodv,10.000000,9,2,1030,217,734,228284,0.023315,21.067961,24.923278,17.721461
aodv,10.000000,9,3,1030,846,184,889992,0.069190,82.135922,11.711023,6.522697
aodv,10.000000,9,4,1030,647,383,680644,0.052916,62.815534,12.057398,7.059510
aodv,10.000000,10,1,1030,870,159,915240,0.071152,84.466019,3.881842,3.432067
aodv,10.000000,10,2,1030,4,947,4208,0.000460,0.388350,26.560054,17.447079
aodv,10.000000,10,3,1030,219,733,230388,0.019058,21.262136,25.921674,12.406006
aodv,10.000000,10,4,1030,208,822,218816,0.017011,20.194175,15.202397,14.382717
aodv,10.000000,11,1,1030,1005,25,1057260,0.082185,97.572816,11.849086,7.695133
aodv,10.000000,11,2,1030,1027,3,1080404,0.083979,99.708738,9.596386,5.600538
aodv,10.000000,11,3,1030,1027,0,1080404,0.083974,99.708738,9.786019,6.064451
aodv,10.000000,11,4,1030,744,286,782688,0.060839,72.233010,12.756842,8.064452
aodv,10.000000,12,1,1030,959,71,1008868,0.078424,93.106796,9.842365,5.833180
aodv,10.000000,12,2,1030,53,898,55756,0.008259,5.145631,8.318658,4.778232
aodv,10.000000,12,3,1030,1029,1,1082508,0.084155,99.902913,9.491673,8.523721
aodv,10.000000,12,4,1030,632,398,664864,0.051684,61.359223,14.978484,7.533583
aodv,10.000000,13,1,1030,1028,2,1081456,0.084076,99.805825,13.151136,6.290459
aodv,10.000000,13,2,1030,72,929,75744,0.006047,6.990291,10.658846,6.782740
aodv,10.000000,13,3,1030,1028,2,1081456,0.084074,99.805825,7.551666,4.424344
aodv,10.000000,13,4,1030,990,3,1041480,0.083897,96.116505,7.035512,5.199238
aodv,10.000000,14,1,1030,166,785,174632,0.017267,16.116505,23.788070,12.664983
aodv,10.000000,14,2,1030,10,942,10520,0.000833,0.970874,11.438845,6.412128
aodv,10.000000,14,3,1030,1029,1,1082508,0.084158,99.902913,4.816653,2.766438
aodv,10.000000,14,4,1030,971,59,1021492,0.079413,94.271845,5.907130,4.511331
aodv,10.000000,15,1,1030,949,81,998348,0.077611,92.135922,14.761308,8.013475
aodv,10.000000,15,2,1030,900,130,946800,0.073608,87.378641,19.104869,13.481972
aodv,10.000000,15,3,1030,969,61,1019388,0.079248,94.077670,12.337989,7.108409
aodv,10.000000,15,4,1030,1013,9,1065676,0.082847,98.349515,21.752045,9.930203
aodv,10.000000,16,1,1030,871,159,916292,0.071234,84.563107,10.967597,7.420170
aodv,10.000000,16,2,1030,996,24,1047792,0.081456,96.699029,7.744350,5.122350
aodv,10.000000,16,3,1030,1000,30,1052000,0.081778,97.087379,15.335352,8.986914
aodv,10.000000,16,4,1030,985,45,1036220,0.080553,95.631068,16.691589,8.133992
aodv,10.000000,17,1,1030,148,803,155696,0.014757,14.368932,19.694061,16.748109
aodv,10.000000,17,2,1030,80,871,84160,0.008777,7.766990,56.185304,43.349171
aodv,10.000000,17,3,1030,768,255,807936,0.062811,74.563107,4.451589,2.401114
aodv,10.000000,17,4,1030,1008,22,1060416,0.082439,97.864078,10.473059,9.588960
aodv,10.000000,18,1,1030,994,36,1045688,0.081291,96.504854,9.468430,5.204086
aodv,10.000000,18,2,1030,1026,1,1079352,0.083905,99.611650,9.726223,6.559454
aodv,10.000000,18,3,1030,1012,18,1064624,0.082762,98.252427,21.799144,11.328479
aodv,10.000000,18,4,1030,829,201,872108,0.067794,80.485437,69.492992,20.526372
aodv,10.000000,19,1,1030,989,40,1040428,0.080879,96.019417,10.280883,5.099461
aodv,10.000000,19,2,1030,1029,1,1082508,0.084158,99.902913,6.791603,3.575664
aodv,10.000000,19,3,1030,1029,1,1082508,0.084155,99.902913,8.178295,4.668472
aodv,10.000000,19,4,1030,1012,18,1064624,0.082766,98.252427,9.343219,5.951733
aodv,10.000000,20,1,1030,2,949,2104,0.000471,0.194175,19.604312,12.695648
aodv,10.000000,20,2,1030,340,611,357680,0.031001,33.009709,5.539335,3.125705
aodv,10.000000,20,3,1030,265,687,278780,0.023373,25.728155,12.943551,9.782479
aodv,10.000000,20,4,1030,3,948,3156,0.000414,0.291262,1012.877962,1495.615200
aodv,10.000000,21,1,1030,851,116,895252,0.074129,82.621359,6.410724,3.393286
aodv,10.000000,21,2,1030,1029,1,1082508,0.084141,99.902913,6.188915,4.589114
aodv,10.000000,21,3,1030,474,550,498648,0.038761,46.019417,13.063479,7.830088
aodv,10.000000,21,4,1030,1020,2,1073040,0.083415,99.029126,13.646085,10.069390
aodv,10.000000,22,1,1030,113,916,118876,0.009241,10.970874,56.076418,15.499335
aodv,10.000000,22,2,1030,934,95,982568,0.076382,90.679612,15.917833,10.351451
aodv,10.000000,22,3,1030,1007,23,1059364,0.082358,97.766990,15.590593,9.584477
aodv,10.000000,22,4,1030,178,773,187256,0.024129,17.281553,8.284495,5.191519
aodv,10.000000,23,1,1030,13,938,13676,0.001155,1.262136,14.707390,5.443922
aodv,10.000000,23,2,1030,1012,18,1064624,0.082768,98.252427,9.416634,4.854821
aodv,10.000000,23,3,1030,154,806,162008,0.013542,14.951456,11.873478,5.510896
aodv,10.000000,23,4,1030,1010,20,1062520,0.082598,98.058252,15.090901,8.496327
aodv,10.000000,24,1,1030,1030,0,1083560,0.084229,100.000000,11.727202,4.894016
aodv,10.000000,24,2,1030,973,57,1023596,0.079578,94.466019,12.261363,6.349640
aodv,10.000000,24,3,1030,731,299,769012,0.059780,70.970874,6.441984,2.784271
aodv,10.000000,24,4,1030,1030,0,1083560,0.084239,100.000000,4.025034,1.634228
aodv,10.000000,25,1,1030,261,768,274572,0.021345,25.339806,16.135681,8.288203
aodv,10.000000,25,2,1030,1017,13,1069884,0.083174,98.737864,20.174716,9.373847
aodv,10.000000,25,3,1030,1030,0,1083560,0.084232,100.000000,5.615409,3.377361
aodv,10.000000,25,4,1030,1027,2,1080404,0.083990,99.708738,11.438661,6.927575
aodv,20.000000,1,1,1030,1020,9,1073040,0.083423,99.029126,12.936109,6.207808
aodv,20.000000,1,2,1030,77,874,81004,0.018504,7.475728,19.778943,18.337016
aodv,20.000000,1,3,1030,182,805,191464,0.015016,17.669903,19.817667,13.251151
aodv,20.000000,1,4,1030,19,932,19988,0.002271,1.844660,13.288194,10.228601
aodv,20.000000,2,1,1030,1027,2,1080404,0.083992,99.708738,11.204989,5.933029
aodv,20.000000,2,2,1030,32,920,33664,0.002819,3.106796,10.444389,5.491326
aodv,20.000000,2,3,1030,1028,2,1081456,0.084076,99.805825,6.895290,3.837550
aodv,20.000000,2,4,1030,882,147,927864,0.072134,85.631068,8.216412,5.730113
aodv,20.000000,3,1,1030,1012,16,1064624,0.082755,98.252427,37.397976,12.808168
aodv,20.000000,3,2,1030,806,224,847912,0.065915,78.252427,19.168122,12.618071
aodv,20.000000,3,3,1030,980,39,1030960,0.080143,95.145631,9.357795,5.603803
aodv,20.000000,3,4,1030,923,107,970996,0.075484,89.611650,8.852365,5.608232
aodv,20.000000,4,1,1030,418,610,439736,0.034184,40.582524,10.468579,6.606974
aodv,20.000000,4,2,1030,94,858,98888,0.008171,9.126214,7.704662,5.325785
aodv,20.000000,4,3,1030,346,605,363992,0.038300,33.592233,31.800563,17.162474
aodv,20.000000,4,4,1030,1010,20,1062520,0.082600,98.058252,8.940695,5.557311
aodv,20.000000,5,1,1030,37,914,38924,0.003941,3.592233,112.279350,59.191015
aodv,20.000000,5,2,1030,945,33,994140,0.077288,91.747573,5.741785,3.674309
aodv,20.000000,5,3,1030,958,72,1007816,0.078350,93.009709,15.967329,8.860073
aodv,20.000000,5,4,1030,171,780,179892,0.015972,16.601942,12.312230,7.861725
aodv,20.000000,6,1,1030,1012,18,1064624,0.082767,98.252427,8.163216,5.532204
aodv,20.000000,6,2,1030,691,339,726932,0.056513,67.087379,12.606417,8.649746
aodv,20.000000,6,3,1030,1027,3,1080404,0.083989,99.708738,8.359125,5.333117
aodv,20.000000,6,4,1030,988,42,1039376,0.080801,95.922330,19.222443,9.020124
aodv,20.000000,7,1,1030,980,28,1030960,0.080149,95.145631,16.200670,8.981212
aodv,20.000000,7,2,1030,37,914,38924,0.003742,3.592233,14.422542,9.997872
aodv,20.000000,7,3,1030,955,75,1004660,0.078106,92.718447,12.881746,7.805944
aodv,20.000000,7,4,1030,989,40,1040428,0.080884,96.019417,8.413558,5.414076
aodv,20.000000,8,1,1030,960,44,1009920,0.078515,93.203883,11.397295,8.544244
aodv,20.000000,8,2,1030,26,925,27352,0.006918,2.524272,291.066809,143.149448
aodv,20.000000,8,3,1030,1013,17,1065676,0.082848,98.349515,6.242335,3.685149
aodv,20.000000,8,4,1030,1028,2,1081456,0.084073,99.805825,5.484105,2.516635
aodv,20.000000,9,1,1030,23,928,24196,0.002065,2.233010,80.855828,32.927536
aodv,20.000000,9,2,1030,309,642,325068,0.029417,30.000000,9.045917,5.367166
aodv,20.000000,9,3,1030,1023,7,1076196,0.083667,99.320388,4.190736,2.117335
aodv,20.000000,9,4,1030,833,197,876316,0.068127,80.873786,25.720161,5.749730
aodv,20.000000,10,1,1030,382,587,401864,0.033210,37.087379,22.845311,13.884443
aodv,20.000000,10,2,1030,100,851,105200,0.008972,9.708738,42.714579,30.627303
aodv,20.000000,10,3,1030,929,101,977308,0.075979,90.194175,7.064571,3.916636
aodv,20.000000,10,4,1030,1024,6,1077248,0.083747,99.417476,6.211871,3.188889
aodv,20.000000,11,1,1030,979,31,1029908,0.081492,95.048544,11.192788,6.711865
aodv,20.000000,11,2,1030,1027,3,1080404,0.083994,99.708738,7.984036,4.716181
aodv,20.000000,11,3,1030,45,905,47340,0.004226,4.368932,44.087114,25.552346
aodv,20.000000,11,4,1030,993,37,1044636,0.081215,96.407767,13.577578,7.670249
aodv,20.000000,12,1,1030,869,123,914188,0.071071,84.368932,15.000905,10.809327
aodv,20.000000,12,2,1030,746,220,784792,0.064988,72.427184,6.965636,3.863373
aodv,20.000000,12,3,1030,95,857,99940,0.008352,9.223301,20.068890,12.881784
aodv,20.000000,12,4,1030,839,189,882628,0.068751,81.456311,6.990914,3.995061
aodv,20.000000,13,1,1030,925,102,973100,0.075649,89.805825,8.447008,4.702269
aodv,20.000000,13,2,1030,472,479,496544,0.042340,45.825243,19.656153,11.081242
aodv,20.000000,13,3,1030,937,76,985724,0.076633,90.970874,15.877492,10.331715
aodv,20.000000,13,4,1030,987,13,1038324,0.083145,95.825243,8.839152,4.875159
aodv,20.000000,14,1,1030,813,216,855276,0.066487,78.932039,19.045801,11.370347
aodv,20.000000,14,2,1030,1022,7,1075144,0.083583,99.223301,15.453536,11.099287
aodv,20.000000,14,3,1030,989,41,1040428,0.080883,96.019417,6.800212,4.039338
aodv,20.000000,14,4,1030,783,247,823716,0.064038,76.019417,29.828875,11.890017
aodv,20.000000,15,1,1030,295,723,310340,0.024403,28.640777,13.793003,8.224887
aodv,20.000000,15,2,1030,745,284,783740,0.060930,72.330097,5.529743,3.434997
aodv,20.000000,15,3,1030,38,913,39976,0.004235,3.689320,76.088738,32.460387
aodv,20.000000,15,4,1030,1027,3,1080404,0.083993,99.708738,10.364825,4.935604
aodv,20.000000,16,1,1030,910,120,957320,0.074422,88.349515,21.130035,10.659862
aodv,20.000000,16,2,1030,849,160,893148,0.070882,82.427184,8.751830,5.926119
aodv,20.000000,16,3,1030,887,143,933124,0.072543,86.116505,20.324156,14.222742
aodv,20.000000,16,4,1030,1009,21,1061468,0.082520,97.961165,12.326883,6.727821
aodv,20.000000,17,1,1030,852,178,896304,0.069677,82.718447,18.391391,10.576671
aodv,20.000000,17,2,1030,936,21,984672,0.081951,90.873786,10.090114,6.387382
aodv,20.000000,17,3,1030,1013,17,1065676,0.082848,98.349515,22.551055,9.699341
aodv,20.000000,17,4,1030,923,88,970996,0.076908,89.611650,12.583788,8.129970
aodv,20.000000,18,1,1030,337,614,354524,0.034586,32.718447,21.009119,13.730696
aodv,20.000000,18,2,1030,1021,7,1074092,0.083503,99.126214,6.971770,4.364417
aodv,20.000000,18,3,1030,81,870,85212,0.012908,7.864078,56.482188,34.532895
aodv,20.000000,18,4,1030,863,88,907876,0.084057,83.786408,6.982317,4.357254
aodv,20.000000,19,1,1030,244,707,256688,0.035890,23.689320,25.319205,12.784465
aodv,20.000000,19,2,1030,853,177,897356,0.069764,82.815534,14.678120,5.921011
aodv,20.000000,19,3,1030,1012,18,1064624,0.082766,98.252427,10.178106,5.951828
aodv,20.000000,19,4,1030,89,863,93628,0.007685,8.640777,9.491472,6.681871
aodv,20.000000,20,1,1030,927,103,975204,0.075807,90.000000,10.254530,6.880845
aodv,20.000000,20,2,1030,877,153,922604,0.071726,85.145631,12.007411,6.921802
aodv,20.000000,20,3,1030,308,643,324016,0.030275,29.902913,25.227904,19.532560
aodv,20.000000,20,4,1030,1028,2,1081456,0.084059,99.805825,8.268228,5.410225
aodv,20.000000,21,1,1030,948,82,997296,0.077521,92.038835,18.962956,10.739637
aodv,20.000000,21,2,1030,1020,10,1073040,0.083419,99.029126,10.640823,8.098905
aodv,20.000000,21,3,1030,381,570,400812,0.035194,36.990291,31.658486,19.148413
aodv,20.000000,21,4,1030,1012,18,1064624,0.082758,98.252427,11.880920,6.262721
aodv,20.000000,22,1,1030,971,59,1021492,0.079413,94.271845,14.761576,7.678465
aodv,20.000000,22,2,1030,727,224,764804,0.074341,70.582524,10.024292,6.478728
aodv,20.000000,22,3,1030,826,204,868952,0.067555,80.194175,7.512169,4.420245
aodv,20.000000,22,4,1030,126,827,132552,0.011129,12.233010,110.769978,80.407682
aodv,20.000000,23,1,1030,223,729,234596,0.018307,21.650485,33.260031,18.074271
aodv,20.000000,23,2,1030,833,197,876316,0.068128,80.873786,8.723838,5.376737
aodv,20.000000,23,3,1030,51,900,53652,0.005574,4.951456,10.114173,6.332105
aodv,20.000000,23,4,1030,908,122,955216,0.074261,88.155340,26.486853,16.172769
aodv,20.000000,24,1,1030,941,89,989932,0.076958,91.359223,11.425224,7.615672
aodv,20.000000,24,2,1030,782,234,822664,0.063955,75.922330,13.434745,7.547763
aodv,20.000000,24,3,1030,792,216,833184,0.064774,76.893204,12.257230,7.892521
aodv,20.000000,24,4,1030,1026,4,1079352,0.083908,99.611650,11.105979,7.212426
aodv,20.000000,25,1,1030,147,805,154644,0.012308,14.271845,23.161348,13.114137
aodv,20.000000,25,2,1030,958,72,1007816,0.078351,93.009709,5.478581,2.798511
aodv,20.000000,25,3,1030,41,910,43132,0.003863,3.980583,12.150601,6.566920
aodv,20.000000,25,4,1030,940,90,988880,0.076878,91.262136,4.876917,3.066818
olsr,1.000000,1,1,1030,1030,0,1083560,0.084240,100.000000,9.775477,4.917962
olsr,1.000000,1,2,1030,1030,0,1083560,0.084236,100.000000,8.495197,4.085686
olsr,1.000000,1,3,1030,1030,0,1083560,0.084239,100.000000,5.118972,2.227274
olsr,1.000000,1,4,1030,1030,0,1083560,0.084238,100.000000,6.399448,3.035513
olsr,1.000000,2,1,1030,1030,0,1083560,0.084237,100.000000,4.833634,2.037789
olsr,1.000000,2,2,1030,1030,0,1083560,0.084238,100.000000,4.858566,2.160104
olsr,1.000000,2,3,1030,1030,0,1083560,0.084240,100.000000,4.762814,1.994228
olsr,1.000000,2,4,1030,1030,0,1083560,0.084241,100.000000,4.351177,1.796646
olsr,1.000000,3,1,1030,912,118,959424,0.074577,88.543689,19.157016,10.898565
olsr,1.000000,3,2,1030,1030,0,1083560,0.084229,100.000000,12.136311,6.542141
olsr,1.000000,3,3,1030,1026,2,1079352,0.083906,99.611650,17.018640,8.624619
olsr,1.000000,3,4,1030,658,372,692216,0.053809,63.883495,16.437111,7.881129
olsr,1.000000,4,1,1030,954,76,1003608,0.078020,92.621359,7.094571,2.160264
olsr,1.000000,4,2,1030,1030,0,1083560,0.084238,100.000000,3.223148,1.284135
olsr,1.000000,4,3,1030,1030,0,1083560,0.084240,100.000000,4.913189,2.192791
olsr,1.000000,4,4,1030,1030,0,1083560,0.084237,100.000000,4.881086,2.206823
olsr,1.000000,5,1,1030,1029,1,1082508,0.084141,99.902913,11.347856,6.054979
olsr,1.000000,5,2,1030,631,399,663812,0.051606,61.262136,12.462190,5.441471
olsr,1.000000,5,3,1030,1030,0,1083560,0.084233,100.000000,9.722389,5.297405
olsr,1.000000,5,4,1030,867,163,912084,0.070893,84.174757,15.550907,7.782960
olsr,1.000000,6,1,1030,846,184,889992,0.069190,82.135922,5.529334,1.614871
olsr,1.000000,6,2,1030,1030,0,1083560,0.084240,100.000000,4.273857,2.250334
olsr,1.000000,6,3,1030,0,951,0,0.000000,0.000000,0.000000,0.000000
olsr,1.000000,6,4,1030,0,951,0,0.000000,0.000000,0.000000,0.000000
olsr,1.000000,7,1,1030,1030,0,1083560,0.084237,100.000000,4.757823,2.272337
olsr,1.000000,7,2,1030,1030,0,1083560,0.084238,100.000000,4.987878,2.547867
olsr,1.000000,7,3,1030,0,951,0,0.000000,0.000000,0.000000,0.000000
olsr,1.000000,7,4,1030,1030,0,1083560,0.084240,100.000000,6.074517,2.131142
olsr,1.000000,8,1,1030,969,61,1019388,0.079250,94.077670,5.307216,2.267824
olsr,1.000000,8,2,1030,721,309,758492,0.058963,70.000000,13.575007,4.468819
olsr,1.000000,8,3,1030,1030,0,1083560,0.084237,100.000000,5.076710,2.653839
olsr,1.000000,8,4,1030,0,951,0,0.000000,0.000000,0.000000,0.000000
olsr,1.000000,9,1,1030,195,756,205140,0.084570,18.932039,6.589088,1.636168
olsr,1.000000,9,2,1030,1026,4,1079352,0.083911,99.611650,3.719249,1.189576
olsr,1.000000,9,3,1030,1030,0,1083560,0.084239,100.000000,3.866475,1.317481
olsr,1.000000,9,4,1030,0,951,0,0.000000,0.000000,0.000000,0.000000
olsr,1.000000,10,1,1030,839,191,882628,0.068616,81.456311,5.539496,2.270335
olsr,1.000000,10,2,1030,1030,0,1083560,0.084239,100.000000,4.374880,1.833146
olsr,1.000000,10,3,1030,0,951,0,0.000000,0.000000,0.000000,0.000000
olsr,1.000000,10,4,1030,1008,22,1060416,0.082439,97.864078,6.663509,1.685081
olsr,1.000000,11,1,1030,710,320,746920,0.058066,68.932039,5.332409,1.575583
olsr,1.000000,11,2,1030,0,951,0,0.000000,0.000000,0.000000,0.000000
olsr,1.000000,11,3,1030,1030,0,1083560,0.084240,100.000000,4.511730,2.039298
olsr,1.000000,11,4,1030,277,674,291404,0.074233,26.893204,6.491869,2.047134
olsr,1.000000,12,1,1030,1030,0,1083560,0.084237,100.000000,4.655110,2.052592
olsr,1.000000,12,2,1030,0,951,0,0.000000,0.000000,0.000000,0.000000
olsr,1.000000,12,3,1030,956,74,1005712,0.078186,92.815534,5.683533,1.657322
olsr,1.000000,12,4,1030,1030,0,1083560,0.084240,100.000000,4.500128,1.921099
olsr,1.000000,13,1,1030,0,951,0,0.000000,0.000000,0.000000,0.000000
olsr,1.000000,13,2,1030,1030,0,1083560,0.084238,100.000000,4.522196,1.933877
olsr,1.000000,13,3,1030,1030,0,1083560,0.084237,100.000000,4.698017,2.013343
olsr,1.000000,13,4,1030,987,43,1038324,0.080723,95.825243,5.105885,1.646537
olsr,1.000000,14,1,1030,1030,0,1083560,0.084236,100.000000,4.874792,2.037334
olsr,1.000000,14,2,1030,1012,18,1064624,0.082766,98.252427,5.425207,1.897090
olsr,1.000000,14,3,1030,1030,0,1083560,0.084239,100.000000,1.943160,0.752964
olsr,1.000000,14,4,1030,0,951,0,0.000000,0.000000,0.000000,0.000000
olsr,1.000000,15,1,1030,1030,0,1083560,0.084238,100.000000,3.404658,0.959568
olsr,1.000000,15,2,1030,0,951,0,0.000000,0.000000,0.000000,0.000000
olsr,1.000000,15,3,1030,1030,0,1083560,0.084240,100.000000,2.931810,0.862451
olsr,1.000000,15,4,1030,0,951,0,0.000000,0.000000,0.000000,0.000000
olsr,1.000000,16,1,1030,151,800,158852,0.084666,14.660194,5.615719,1.976355
olsr,1.000000,16,2,1030,0,951,0,0.000000,0.000000,0.000000,0.000000
olsr,1.000000,16,3,1030,1030,0,1083560,0.084237,100.000000,5.302614,1.832993
olsr,1.000000,16,4,1030,619,411,651188,0.050625,60.097087,6.938652,3.922689
olsr,1.000000,17,1,1030,1030,0,1083560,0.084235,100.000000,4.937794,2.133731
olsr,1.000000,17,2,1030,1029,1,1082508,0.084149,99.902913,9.884918,4.898597
olsr,1.000000,17,3,1030,1030,0,1083560,0.084237,100.000000,5.176831,2.252793
olsr,1.000000,17,4,1030,1030,0,1083560,0.084233,100.000000,9.237781,4.460702
olsr,1.000000,18,1,1030,1030,0,1083560,0.084240,100.000000,3.470588,1.192541
olsr,1.000000,18,2,1030,1030,0,1083560,0.084238,100.000000,3.967885,1.060219
olsr,1.000000,18,3,1030,75,876,78900,0.085254,7.281553,6.465225,2.366793
olsr,1.000000,18,4,1030,0,951,0,0.000000,0.000000,0.000000,0.000000
olsr,1.000000,19,1,1030,373,578,392396,0.075808,36.213592,9.132516,3.355657
olsr,1.000000,19,2,1030,857,173,901564,0.070089,83.203883,16.087254,9.230835
olsr,1.000000,19,3,1030,1030,0,1083560,0.084240,100.000000,8.731699,4.794036
olsr,1.000000,19,4,1030,1030,0,1083560,0.084237,100.000000,9.261558,4.639239
olsr,1.000000,20,1,1030,1030,0,1083560,0.084237,100.000000,7.366316,4.155985
olsr,1.000000,20,2,1030,1030,0,1083560,0.084235,100.000000,9.467772,5.419442
olsr,1.000000,20,3,1030,1027,3,1080404,0.083987,99.708738,11.709851,6.118250
olsr,1.000000,20,4,1030,0,951,0,0.000000,0.000000,0.000000,0.000000
olsr,1.000000,21,1,1030,1030,0,1083560,0.084240,100.000000,4.264393,1.575031
olsr,1.000000,21,2,1030,0,951,0,0.000000,0.000000,0.000000,0.000000
olsr,1.000000,21,3,1030,1030,0,1083560,0.084238,100.000000,4.224913,1.586166
olsr,1.000000,21,4,1030,1030,0,1083560,0.084237,100.000000,4.289209,1.628153
olsr,1.000000,22,1,1030,733,218,771116,0.084038,71.165049,8.344383,3.627739
olsr,1.000000,22,2,1030,781,249,821612,0.063875,75.825243,8.782741,3.340284
olsr,1.000000,22,3,1030,0,951,0,0.000000,0.000000,0.000000,0.000000
olsr,1.000000,22,4,1030,1030,0,1083560,0.084241,100.000000,4.084821,2.171084
olsr,1.000000,23,1,1030,633,318,665916,0.084282,61.456311,7.346694,3.724004
olsr,1.000000,23,2,1030,0,951,0,0.000000,0.000000,0.000000,0.000000
olsr,1.000000,23,3,1030,397,554,417644,0.046990,38.543689,12.356497,5.956403
olsr,1.000000,23,4,1030,652,378,685904,0.053325,63.300971,18.383608,9.965341
olsr,1.000000,24,1,1030,479,472,503908,0.059981,46.504854,12.235541,5.040351
olsr,1.000000,24,2,1030,874,152,919448,0.071478,84.854369,9.690060,3.380138
olsr,1.000000,24,3,1030,1030,0,1083560,0.084238,100.000000,4.879028,2.306768
olsr,1.000000,24,4,1030,1030,0,1083560,0.084239,100.000000,3.125728,1.226928
olsr,1.000000,25,1,1030,1030,0,1083560,0.084239,100.000000,6.504506,2.406611
olsr,1.000000,25,2,1030,332,619,349264,0.075091,32.233010,11.450806,4.747501
olsr,1.000000,25,3,1030,1030,0,1083560,0.084241,100.000000,2.442794,1.108018
olsr,1.000000,25,4,1030,1030,0,1083560,0.084241,100.000000,4.187991,1.965290
olsr,5.000000,1,1,1030,1030,0,1083560,0.084231,100.000000,8.720141,4.420751
olsr,5.000000,1,2,1030,871,158,916292,0.071232,84.563107,8.053246,3.578986
olsr,5.000000,1,3,1030,1030,0,1083560,0.084228,100.000000,5.739815,2.593668
olsr,5.000000,1,4,1030,1030,0,1083560,0.084239,100.000000,6.005435,2.694649
olsr,5.000000,2,1,1030,977,53,1027804,0.079898,94.854369,6.067850,2.441031
olsr,5.000000,2,2,1030,913,117,960476,0.074663,88.640777,8.142757,3.854965
olsr,5.000000,2,3,1030,1030,0,1083560,0.084235,100.000000,6.130515,3.174470
olsr,5.000000,2,4,1030,1030,0,1083560,0.084238,100.000000,5.760101,2.798127
olsr,5.000000,3,1,1030,976,54,1026752,0.079823,94.757282,6.077722,2.955697
olsr,5.000000,3,2,1030,846,180,889992,0.069188,82.135922,6.208515,2.610502
olsr,5.000000,3,3,1030,3,948,3156,0.000715,0.291262,18.950193,4.784860
olsr,5.000000,3,4,1030,1030,0,1083560,0.084239,100.000000,6.634154,2.662399
olsr,5.000000,4,1,1030,708,322,744816,0.057901,68.737864,9.055317,4.140617
olsr,5.000000,4,2,1030,1030,0,1083560,0.084240,100.000000,5.605094,2.583135
olsr,5.000000,4,3,1030,893,137,939436,0.073032,86.699029,6.815414,3.167339
olsr,5.000000,4,4,1030,814,172,856328,0.066572,79.029126,5.387586,2.317755
olsr,5.000000,5,1,1030,124,827,130448,0.020381,12.038835,5.248652,1.947316
olsr,5.000000,5,2,1030,256,695,269312,0.065276,24.854369,5.259841,1.342536
olsr,5.000000,5,3,1030,1030,0,1083560,0.084241,100.000000,3.254808,1.224967
olsr,5.000000,5,4,1030,260,691,273520,0.028306,25.242718,4.946988,1.194329
olsr,5.000000,6,1,1030,833,118,876316,0.084257,80.873786,3.793090,1.144889
olsr,5.000000,6,2,1030,0,951,0,0.000000,0.000000,0.000000,0.000000
olsr,5.000000,6,3,1030,1030,0,1083560,0.084239,100.000000,4.243826,1.751024
olsr,5.000000,6,4,1030,121,887,127292,0.009896,11.747573,9.730295,4.165786
olsr,5.000000,7,1,1030,1030,0,1083560,0.084236,100.000000,6.446650,3.210769
olsr,5.000000,7,2,1030,1030,0,1083560,0.084237,100.000000,4.562316,1.910715
olsr,5.000000,7,3,1030,0,951,0,0.000000,0.000000,0.000000,0.000000
olsr,5.000000,7,4,1030,1030,0,1083560,0.084238,100.000000,6.849569,3.324726
olsr,5.000000,8,1,1030,1030,0,1083560,0.084237,100.000000,7.657711,4.117920
olsr,5.000000,8,2,1030,1030,0,1083560,0.084235,100.000000,7.370488,3.261565
olsr,5.000000,8,3,1030,717,313,754284,0.058637,69.611650,9.918088,6.742410
olsr,5.000000,8,4,1030,1030,0,1083560,0.084240,100.000000,4.419999,1.779296
olsr,5.000000,9,1,1030,119,832,125188,0.016942,11.553398,10.179978,4.498455
olsr,5.000000,9,2,1030,966,64,1016232,0.079005,93.786408,7.041913,2.939041
olsr,5.000000,9,3,1030,904,47,951008,0.080065,87.766990,5.695385,2.490597
olsr,5.000000,9,4,1030,440,590,462880,0.035985,42.718447,9.862560,4.126340
olsr,5.000000,10,1,1030,990,40,1041480,0.080966,96.116505,6.573521,2.911525
olsr,5.000000,10,2,1030,1030,0,1083560,0.084236,100.000000,6.005240,2.937444
olsr,5.000000,10,3,1030,1030,0,1083560,0.084239,100.000000,5.145819,2.354721
olsr,5.000000,10,4,1030,1030,0,1083560,0.084240,100.000000,5.318751,2.352488
olsr,5.000000,11,1,1030,961,69,1010972,0.078598,93.300971,4.343468,1.765111
olsr,5.000000,11,2,1030,0,951,0,0.000000,0.000000,0.000000,0.000000
olsr,5.000000,11,3,1030,0,951,0,0.000000,0.000000,0.000000,0.000000
olsr,5.000000,11,4,1030,243,708,255636,0.028640,23.592233,14.675060,6.159797
olsr,5.000000,12,1,1030,913,117,960476,0.074671,88.640777,9.123922,4.503240
olsr,5.000000,12,2,1030,469,482,493388,0.055510,45.533981,12.863214,7.072593
olsr,5.000000,12,3,1030,1030,0,1083560,0.084238,100.000000,6.810715,3.245533
olsr,5.000000,12,4,1030,723,306,760596,0.059129,70.194175,9.948960,4.291711
olsr,5.000000,13,1,1030,88,863,92576,0.009098,8.543689,73.119967,26.415361
olsr,5.000000,13,2,1030,496,455,521792,0.058786,48.155340,14.009641,7.379838
olsr,5.000000,13,3,1030,1030,0,1083560,0.084240,100.000000,5.366803,2.734866
olsr,5.000000,13,4,1030,1030,0,1083560,0.084239,100.000000,4.406002,1.796653
olsr,5.000000,14,1,1030,143,808,150436,0.029127,13.883495,12.356635,5.286038
olsr,5.000000,14,2,1030,1030,0,1083560,0.084240,100.000000,6.267674,3.056642
olsr,5.000000,14,3,1030,1029,1,1082508,0.084157,99.902913,6.672961,3.449758
olsr,5.000000,14,4,1030,254,697,267208,0.025910,24.660194,9.248462,3.458920
olsr,5.000000,15,1,1030,1030,0,1083560,0.084236,100.000000,6.616054,3.476148
olsr,5.000000,15,2,1030,839,160,882628,0.070737,81.456311,7.740092,3.649997
olsr,5.000000,15,3,1030,916,114,963632,0.074903,88.932039,9.772566,5.394197
olsr,5.000000,15,4,1030,0,951,0,0.000000,0.000000,0.000000,0.000000
olsr,5.000000,16,1,1030,0,951,0,0.000000,0.000000,0.000000,0.000000
olsr,5.000000,16,2,1030,1030,0,1083560,0.084239,100.000000,4.209472,1.973213
olsr,5.000000,16,3,1030,997,33,1048844,0.081538,96.796117,4.957498,1.960254
olsr,5.000000,16,4,1030,971,59,1021492,0.079413,94.271845,5.692983,2.188186
olsr,5.000000,17,1,1030,986,44,1037272,0.080637,95.728155,5.997651,2.378161
olsr,5.000000,17,2,1030,1030,0,1083560,0.084236,100.000000,7.017928,3.514967
olsr,5.000000,17,3,1030,1030,0,1083560,0.084240,100.000000,5.409536,2.632728
olsr,5.000000,17,4,1030,902,106,948904,0.073769,87.572816,9.597007,3.666250
olsr,5.000000,18,1,1030,940,53,988880,0.079582,91.262136,5.119527,2.223851
olsr,5.000000,18,2,1030,1029,1,1082508,0.084152,99.902913,7.550038,4.272688
olsr,5.000000,18,3,1030,840,190,883680,0.068700,81.553398,7.470716,3.417717
olsr,5.000000,18,4,1030,802,148,843704,0.076255,77.864078,5.608516,2.657731
olsr,5.000000,19,1,1030,70,881,73640,0.010298,6.796117,5.985316,2.572218
olsr,5.000000,19,2,1030,1030,0,1083560,0.084240,100.000000,3.728731,1.080690
olsr,5.000000,19,3,1030,0,951,0,0.000000,0.000000,0.000000,0.000000
olsr,5.000000,19,4,1030,1030,0,1083560,0.084239,100.000000,3.239778,0.986452
olsr,5.000000,20,1,1030,1030,0,1083560,0.084240,100.000000,4.520911,1.892122
olsr,5.000000,20,2,1030,40,911,42080,0.007463,3.883495,9.526654,4.670149
olsr,5.000000,20,3,1030,1030,0,1083560,0.084237,100.000000,5.404322,2.331542
olsr,5.000000,20,4,1030,1030,0,1083560,0.084239,100.000000,5.053851,2.140861
olsr,5.000000,21,1,1030,1030,0,1083560,0.084237,100.000000,4.898168,2.086131
olsr,5.000000,21,2,1030,1030,0,1083560,0.084236,100.000000,4.914765,2.432668
olsr,5.000000,21,3,1030,901,129,947852,0.073688,87.475728,5.326554,1.977098
olsr,5.000000,21,4,1030,1030,0,1083560,0.084240,100.000000,5.768450,2.382389
olsr,5.000000,22,1,1030,969,61,1019388,0.079241,94.077670,6.698251,3.137781
olsr,5.000000,22,2,1030,897,132,943644,0.073358,87.087379,7.207822,3.428694
olsr,5.000000,22,3,1030,943,59,992036,0.077124,91.553398,9.308008,5.136208
olsr,5.000000,22,4,1030,318,633,334536,0.034707,30.873786,7.063566,2.877444
olsr,5.000000,23,1,1030,0,951,0,0.000000,0.000000,0.000000,0.000000
olsr,5.000000,23,2,1030,1030,0,1083560,0.084238,100.000000,5.219724,2.846237
olsr,5.000000,23,3,1030,996,34,1047792,0.081459,96.699029,4.735053,1.870678
olsr,5.000000,23,4,1030,854,135,898408,0.069842,82.912621,6.158842,2.149241
olsr,5.000000,24,1,1030,0,951,0,0.000000,0.000000,0.000000,0.000000
olsr,5.000000,24,2,1030,195,756,205140,0.071020,18.932039,6.547575,2.339582
olsr,5.000000,24,3,1030,735,251,773220,0.060112,71.359223,4.445794,1.239476
olsr,5.000000,24,4,1030,1030,0,1083560,0.084241,100.000000,2.559816,1.049271
olsr,5.000000,25,1,1030,1030,0,1083560,0.084239,100.000000,4.107343,1.482238
olsr,5.000000,25,2,1030,199,831,209348,0.016275,19.320388,6.527799,2.201054
olsr,5.000000,25,3,1030,938,28,986776,0.076332,91.067961,19.245260,6.886986
olsr,5.000000,25,4,1030,1030,0,1083560,0.084238,100.000000,2.992459,1.117809
olsr,10.000000,1,1,1030,901,129,947852,0.073688,87.475728,7.677135,3.548308
olsr,10.000000,1,2,1030,990,40,1041480,0.080968,96.116505,7.231380,3.381016
olsr,10.000000,1,3,1030,888,74,934176,0.072400,86.213592,15.367526,6.739110
olsr,10.000000,1,4,1030,993,36,1044636,0.081211,96.407767,7.213441,3.427603
olsr,10.000000,2,1,1030,1030,0,1083560,0.084237,100.000000,7.201213,3.730609
olsr,10.000000,2,2,1030,967,63,1017284,0.079082,93.883495,9.638732,4.284058
olsr,10.000000,2,3,1030,1030,0,1083560,0.084238,100.000000,5.933600,2.825303
olsr,10.000000,2,4,1030,824,168,866848,0.067389,80.000000,7.385678,3.409068
olsr,10.000000,3,1,1030,100,851,105200,0.009900,9.708738,8.347195,3.965392
olsr,10.000000,3,2,1030,851,165,895252,0.069597,82.621359,5.158039,1.990058
olsr,10.000000,3,3,1030,1029,0,1082508,0.084156,99.902913,4.914788,2.419382
olsr,10.000000,3,4,1030,108,843,113616,0.009762,10.485437,8.858221,3.674228
olsr,10.000000,4,1,1030,792,238,833184,0.064770,76.893204,7.790804,3.864909
olsr,10.000000,4,2,1030,986,0,1037272,0.084243,95.728155,5.476330,2.728528
olsr,10.000000,4,3,1030,925,105,973100,0.075648,89.805825,9.015484,5.097217
olsr,10.000000,4,4,1030,887,143,933124,0.072543,86.116505,5.951460,2.664926
olsr,10.000000,5,1,1030,869,161,914188,0.071061,84.368932,11.660367,7.167840
olsr,10.000000,5,2,1030,858,172,902616,0.070172,83.300971,12.265898,6.804655
olsr,10.000000,5,3,1030,896,134,942592,0.073278,86.990291,8.033442,4.055249
olsr,10.000000,5,4,1030,851,178,895252,0.069595,82.621359,11.035278,5.507350
olsr,10.000000,6,1,1030,23,951,24196,0.001870,2.233010,256.072699,100.611411
olsr,10.000000,6,2,1030,181,770,190412,0.020256,17.572816,6.163289,2.297534
olsr,10.000000,6,3,1030,965,65,1015180,0.078924,93.689320,4.297507,1.961002
olsr,10.000000,6,4,1030,911,119,958372,0.074506,88.446602,4.414538,1.909587
olsr,10.000000,7,1,1030,1030,0,1083560,0.084224,100.000000,8.337567,4.384914
olsr,10.000000,7,2,1030,1030,0,1083560,0.084228,100.000000,6.004677,2.974085
olsr,10.000000,7,3,1030,0,951,0,0.000000,0.000000,0.000000,0.000000
olsr,10.000000,7,4,1030,805,188,846860,0.065834,78.155340,8.287809,4.091626
olsr,10.000000,8,1,1030,1029,1,1082508,0.084149,99.902913,9.205036,4.899057
olsr,10.000000,8,2,1030,1012,18,1064624,0.082760,98.252427,9.015591,4.711473
olsr,10.000000,8,3,1030,949,81,998348,0.077613,92.135922,9.162896,4.489173
olsr,10.000000,8,4,1030,1030,0,1083560,0.084234,100.000000,6.168776,2.982785
olsr,10.000000,9,1,1030,853,177,897356,0.069759,82.815534,6.607946,3.145245
olsr,10.000000,9,2,1030,715,315,752180,0.058477,69.417476,19.672611,17.441781
olsr,10.000000,9,3,1030,811,219,853172,0.066326,78.737864,6.596833,2.955695
olsr,10.000000,9,4,1030,638,392,671176,0.052179,61.941748,10.091832,4.597192
olsr,10.000000,10,1,1030,917,113,964684,0.074995,89.029126,5.862689,2.714949
olsr,10.000000,10,2,1030,1030,0,1083560,0.084240,100.000000,7.666710,3.974765
olsr,10.000000,10,3,1030,915,115,962580,0.074833,88.834951,6.302011,2.896972
olsr,10.000000,10,4,1030,933,79,981516,0.076301,90.582524,6.665991,3.100288
olsr,10.000000,11,1,1030,802,228,843704,0.065590,77.864078,6.628369,3.145576
olsr,10.000000,11,2,1030,950,40,999400,0.077695,92.233010,6.296091,2.781462
olsr,10.000000,11,3,1030,1025,0,1078300,0.084224,99.514563,6.018624,3.065568
olsr,10.000000,11,4,1030,63,888,66276,0.017098,6.116505,17.024128,6.522413
olsr,10.000000,12,1,1030,891,139,937332,0.072861,86.504854,8.286836,4.642967
olsr,10.000000,12,2,1030,981,49,1032012,0.080232,95.242718,8.848934,8.636946
olsr,10.000000,12,3,1030,1030,0,1083560,0.084237,100.000000,5.817487,2.780813
olsr,10.000000,12,4,1030,497,490,522844,0.040638,48.252427,7.189360,2.897428
olsr,10.000000,13,1,1030,971,59,1021492,0.079412,94.271845,6.473554,2.737388
olsr,10.000000,13,2,1030,786,204,826872,0.064279,76.310680,5.579797,2.361196
olsr,10.000000,13,3,1030,1030,0,1083560,0.084236,100.000000,4.870325,2.284583
olsr,10.000000,13,4,1030,980,50,1030960,0.080149,95.145631,5.849965,2.759798
olsr,10.000000,14,1,1030,840,190,883680,0.068700,81.553398,8.186661,3.469056
olsr,10.000000,14,2,1030,1030,0,1083560,0.084237,100.000000,6.281691,3.127990
olsr,10.000000,14,3,1030,995,35,1046740,0.081374,96.601942,6.516172,3.186647
olsr,10.000000,14,4,1030,894,136,940488,0.073115,86.796117,6.260748,2.758031
olsr,10.000000,15,1,1030,972,58,1022544,0.079496,94.368932,5.761849,2.822772
olsr,10.000000,15,2,1030,482,469,507064,0.043476,46.796117,10.176081,4.983950
olsr,10.000000,15,3,1030,980,50,1030960,0.080149,95.145631,7.382222,3.997328
olsr,10.000000,15,4,1030,0,951,0,0.000000,0.000000,0.000000,0.000000
olsr,10.000000,16,1,1030,891,139,937332,0.072869,86.504854,5.501617,2.358336
olsr,10.000000,16,2,1030,112,860,117824,0.009706,10.873786,35.636197,22.711341
olsr,10.000000,16,3,1030,1030,0,1083560,0.084227,100.000000,6.502650,3.180063
olsr,10.000000,16,4,1030,1019,11,1071988,0.083330,98.932039,6.464613,2.662900
olsr,10.000000,17,1,1030,985,45,1036220,0.080559,95.631068,3.529863,1.363546
olsr,10.000000,17,2,1030,0,951,0,0.000000,0.000000,0.000000,0.000000
olsr,10.000000,17,3,1030,179,814,188308,0.015183,17.378641,7.116561,2.505054
olsr,10.000000,17,4,1030,893,137,939436,0.073034,86.699029,4.502273,1.805118
olsr,10.000000,18,1,1030,908,122,955216,0.074259,88.155340,6.962383,3.037651
olsr,10.000000,18,2,1030,948,3,997296,0.084241,92.038835,6.391325,3.195458
olsr,10.000000,18,3,992,755,237,794260,0.061731,76.108871,16.329407,8.960511
olsr,10.000000,18,4,1030,891,138,937332,0.072843,86.504854,9.010830,4.652428
olsr,10.000000,19,1,1030,848,182,892096,0.069356,82.330097,1.506857,0.290108
olsr,10.000000,19,2,1030,0,951,0,0.000000,0.000000,0.000000,0.000000
olsr,10.000000,19,3,1030,0,951,0,0.000000,0.000000,0.000000,0.000000
olsr,10.000000,19,4,1030,38,913,39976,0.005225,3.689320,2.375058,0.095260
olsr,10.000000,20,1,1030,1029,1,1082508,0.084158,99.902913,7.239494,3.634081
olsr,10.000000,20,2,1030,896,116,942592,0.073278,86.990291,7.912590,3.848101
olsr,10.000000,20,3,1030,957,73,1006764,0.078256,92.912621,6.926859,3.130492
olsr,10.000000,20,4,1030,1029,1,1082508,0.084141,99.902913,7.623214,3.674497
olsr,10.000000,21,1,1030,932,54,980464,0.076221,90.485437,4.730516,1.928479
olsr,10.000000,21,2,1030,1030,0,1083560,0.084239,100.000000,4.704494,2.055915
olsr,10.000000,21,3,1030,270,684,284040,0.022037,26.213592,29.350862,11.632838
olsr,10.000000,21,4,1030,1030,0,1083560,0.084240,100.000000,5.098430,2.141163
olsr,10.000000,22,1,1030,807,163,848964,0.067172,78.349515,13.249777,7.475682
olsr,10.000000,22,2,1030,872,154,917344,0.071315,84.660194,11.439497,6.108416
olsr,10.000000,22,3,1030,715,312,752180,0.058473,69.417476,9.821178,3.974675
olsr,10.000000,22,4,1030,955,75,1004660,0.078106,92.718447,6.527948,3.598189
olsr,10.000000,23,1,1030,100,851,105200,0.012177,9.708738,12.325963,4.100719
olsr,10.000000,23,2,1030,0,951,0,0.000000,0.000000,0.000000,0.000000
olsr,10.000000,23,3,1030,43,908,45236,0.005075,4.174757,8.262011,3.118656
olsr,10.000000,23,4,1030,672,304,706944,0.057767,65.242718,3.274723,1.082756
olsr,10.000000,24,1,1030,1018,12,1070936,0.083250,98.834951,7.366132,3.299197
olsr,10.000000,24,2,1030,1030,0,1083560,0.084237,100.000000,6.569814,3.121238
olsr,10.000000,24,3,1013,912,101,959424,0.074579,90.029615,17.959338,14.865421
olsr,10.000000,24,4,1030,1030,0,1083560,0.084240,100.000000,4.054767,1.737807
olsr,10.000000,25,1,1030,854,134,898408,0.069842,82.912621,5.495649,2.675681
olsr,10.000000,25,2,1030,946,74,995192,0.078129,91.844660,5.383635,2.393280
olsr,10.000000,25,3,1030,1030,0,1083560,0.084233,100.000000,5.021076,2.328670
olsr,10.000000,25,4,1030,913,62,960476,0.074669,88.640777,4.977205,2.187845
olsr,20.000000,1,1,1030,186,785,195672,0.016087,18.058252,19.323404,11.869589
olsr,20.000000,1,2,1030,984,46,1035168,0.080476,95.533981,6.834171,3.528510
olsr,20.000000,1,3,1030,917,55,964684,0.074995,89.029126,6.746518,3.223415
olsr,20.000000,1,4,1030,1017,13,1069884,0.083177,98.737864,5.694636,2.914607
olsr,20.000000,2,1,1030,2,949,2104,0.000388,0.194175,17.943867,6.602352
olsr,20.000000,2,2,1030,0,951,0,0.000000,0.000000,0.000000,0.000000
olsr,20.000000,2,3,1030,936,94,984672,0.076551,90.873786,3.774813,1.262917
olsr,20.000000,2,4,1030,936,94,984672,0.076552,90.873786,4.143560,1.667166
olsr,20.000000,3,1,1030,887,139,933124,0.072826,86.116505,5.461532,2.541251
olsr,20.000000,3,2,1010,724,248,761648,0.060203,71.683168,6.601150,3.080013
olsr,20.000000,3,3,1030,933,97,981516,0.076303,90.582524,6.228100,2.863040
olsr,20.000000,3,4,1030,979,51,1029908,0.080062,95.048544,5.824284,2.625534
olsr,20.000000,4,1,1030,655,355,689060,0.054357,63.592233,7.238376,3.635977
olsr,20.000000,4,2,1030,947,83,996244,0.077450,91.941748,6.282815,3.030158
olsr,20.000000,4,3,1030,185,766,194620,0.020758,17.961165,28.060564,16.459421
olsr,20.000000,4,4,1030,927,103,975204,0.075815,90.000000,6.425514,3.101157
olsr,20.000000,5,1,1030,77,910,81004,0.006297,7.475728,8.290859,4.006407
olsr,20.000000,5,2,1030,943,45,992036,0.077123,91.553398,2.038362,0.623401
olsr,20.000000,5,3,1030,25,926,26300,0.002304,2.427184,11.571422,3.601215
olsr,20.000000,5,4,1030,28,923,29456,0.007503,2.718447,210.577400,150.849287
olsr,20.000000,6,1,1030,1013,17,1065676,0.082848,98.349515,6.687396,3.408711
olsr,20.000000,6,2,1030,797,233,838444,0.065182,77.378641,16.093517,9.783793
olsr,20.000000,6,3,1030,943,64,992036,0.077121,91.553398,6.077665,2.890586
olsr,20.000000,6,4,1030,785,245,825820,0.064198,76.213592,14.580349,17.138014
olsr,20.000000,7,1,1030,1003,1,1055156,0.082029,97.378641,6.889908,3.771471
olsr,20.000000,7,2,1030,0,951,0,0.000000,0.000000,0.000000,0.000000
olsr,20.000000,7,3,1030,813,217,855276,0.066491,78.932039,7.964785,3.639275
olsr,20.000000,7,4,1030,1002,28,1054104,0.081950,97.281553,6.212255,3.169592
olsr,20.000000,8,1,1030,120,832,126240,0.010400,11.650485,9.655717,4.367727
olsr,20.000000,8,2,1030,1030,0,1083560,0.084238,100.000000,5.253150,2.517313
olsr,20.000000,8,3,1030,951,79,1000452,0.077779,92.330097,6.084784,4.363943
olsr,20.000000,8,4,1030,912,118,959424,0.074588,88.543689,4.708937,1.941800
olsr,20.000000,9,1,1030,35,951,36820,0.002862,3.398058,5.268209,1.793404
olsr,20.000000,9,2,1030,232,719,244064,0.021888,22.524272,5.435268,1.985864
olsr,20.000000,9,3,1030,71,880,74692,0.007349,6.893204,6.314584,2.741562
olsr,20.000000,9,4,1030,846,184,889992,0.069191,82.135922,2.296018,0.815947
olsr,20.000000,10,1,1030,809,221,851068,0.066162,78.543689,7.382653,3.467814
olsr,20.000000,10,2,1030,943,87,992036,0.077122,91.553398,7.247485,3.662850
olsr,20.000000,10,3,1030,861,167,905772,0.070418,83.592233,7.704815,3.279873
olsr,20.000000,10,4,1030,790,236,831080,0.064610,76.699029,17.401176,10.731386
olsr,20.000000,11,1,1030,840,189,883680,0.068698,81.553398,11.953434,5.137786
olsr,20.000000,11,2,1030,970,60,1020440,0.079333,94.174757,8.706944,4.621077
olsr,20.000000,11,3,1030,747,221,785844,0.061091,72.524272,8.203681,3.597922
olsr,20.000000,11,4,1030,902,128,948904,0.073772,87.572816,9.427336,6.772600
olsr,20.000000,12,1,1030,205,808,215660,0.017029,19.902913,8.208862,2.800127
olsr,20.000000,12,2,1030,803,171,844756,0.065672,77.961165,4.564752,1.735868
olsr,20.000000,12,3,1030,971,59,1021492,0.079414,94.271845,4.345513,2.170261
olsr,20.000000,12,4,1030,97,854,102044,0.038862,9.417476,11.351917,3.902732
olsr,20.000000,13,1,1030,159,808,167268,0.013003,15.436893,15.811701,6.443655
olsr,20.000000,13,2,1030,534,496,561768,0.043674,51.844660,26.629484,17.352636
olsr,20.000000,13,3,1030,825,167,867900,0.067798,80.097087,5.980205,2.464661
olsr,20.000000,13,4,1030,869,131,914188,0.073202,84.368932,6.045136,3.032147
olsr,20.000000,14,1,1030,155,796,163060,0.014590,15.048544,10.304250,4.327500
olsr,20.000000,14,2,1030,983,1,1034116,0.080392,95.436893,5.864122,3.020636
olsr,20.000000,14,3,1030,973,57,1023596,0.079577,94.466019,5.362031,2.368649
olsr,20.000000,14,4,1030,813,215,855276,0.066492,78.932039,9.432805,5.150796
olsr,20.000000,15,1,1030,741,223,779532,0.063307,71.941748,8.968727,7.922717
olsr,20.000000,15,2,1030,111,840,116772,0.014326,10.776699,13.398304,5.824858
olsr,20.000000,15,3,1030,973,57,1023596,0.079578,94.466019,5.155491,2.360264
olsr,20.000000,15,4,1030,974,56,1024648,0.079658,94.563107,4.457513,1.866170
olsr,20.000000,16,1,1030,798,232,839496,0.065264,77.475728,7.717427,3.849486
olsr,20.000000,16,2,1030,851,158,895252,0.071048,82.621359,6.290668,3.182646
olsr,20.000000,16,3,1030,863,167,907876,0.070579,83.786408,14.108751,6.222364
olsr,20.000000,16,4,1030,805,225,846860,0.065838,78.155340,8.197798,4.120433
olsr,20.000000,17,1,1030,337,654,354524,0.028647,32.718447,25.072229,15.801301
olsr,20.000000,17,2,1030,946,13,995192,0.079672,91.844660,3.217477,1.600976
olsr,20.000000,17,3,1030,0,951,0,0.000000,0.000000,0.000000,0.000000
olsr,20.000000,17,4,1030,82,869,86264,0.035565,7.961165,40.931570,71.762942
olsr,20.000000,18,1,1030,225,726,236700,0.029912,21.844660,8.904666,3.442337
olsr,20.000000,18,2,1030,859,125,903668,0.073541,83.398058,5.715165,2.712630
olsr,20.000000,18,3,1030,95,856,99940,0.046991,9.223301,13.703609,7.177229
olsr,20.000000,18,4,1030,946,47,995192,0.077368,91.844660,5.284845,2.589850
olsr,20.000000,19,1,1030,84,867,88368,0.016285,8.155340,7.922916,3.418824
olsr,20.000000,19,2,1030,805,225,846860,0.065838,78.155340,4.365879,1.706376
olsr,20.000000,19,3,1030,63,888,66276,0.015967,6.116505,23.326240,35.482131
olsr,20.000000,19,4,1030,941,77,989932,0.077865,91.359223,4.154923,1.713434
olsr,20.000000,20,1,1030,976,54,1026752,0.079798,94.757282,5.791176,2.719607
olsr,20.000000,20,2,1030,125,826,131500,0.012923,12.135922,55.278945,35.939709
olsr,20.000000,20,3,1030,915,115,962580,0.074824,88.834951,8.897692,4.855186
olsr,20.000000,20,4,1030,1030,0,1083560,0.084225,100.000000,5.350353,2.434277
olsr,20.000000,21,1,1030,953,77,1002556,0.077942,92.524272,6.116327,3.011694
olsr,20.000000,21,2,1030,952,78,1001504,0.077860,92.427184,5.083932,2.301959
olsr,20.000000,21,3,1030,252,699,265104,0.034588,24.466019,12.343206,5.061831
olsr,20.000000,21,4,1030,898,72,944696,0.073441,87.184466,5.693782,2.717488
olsr,20.000000,22,1,1030,84,867,88368,0.027080,8.155340,10.279743,5.111427
olsr,20.000000,22,2,1030,726,225,763752,0.066257,70.485437,7.037299,3.349787
olsr,20.000000,22,3,1030,766,264,805832,0.062647,74.368932,5.901578,2.300773
olsr,20.000000,22,4,1030,231,786,243012,0.018854,22.427184,29.603670,12.641148
olsr,20.000000,23,1,1030,742,288,780584,0.060684,72.038835,5.811676,2.547319
olsr,20.000000,23,2,1030,841,189,884732,0.068782,81.650485,9.668534,10.225013
olsr,20.000000,23,3,1030,85,866,89420,0.012957,8.252427,36.116216,24.015275
olsr,20.000000,23,4,1030,112,839,117824,0.014499,10.873786,6.849352,2.764109
olsr,20.000000,24,1,1030,980,50,1030960,0.080148,95.145631,6.628779,2.977107
olsr,20.000000,24,2,1030,902,126,948904,0.073771,87.572816,6.668891,3.026776
olsr,20.000000,24,3,1030,122,830,128344,0.010328,11.844660,35.638154,15.066677
olsr,20.000000,24,4,1030,1006,24,1058312,0.082275,97.669903,5.895240,2.985870
olsr,20.000000,25,1,1030,916,114,963632,0.074908,88.932039,7.229706,3.607571
olsr,20.000000,25,2,1030,635,370,668020,0.051934,61.650485,6.918825,3.255256
olsr,20.000000,25,3,1030,1008,22,1060416,0.082441,97.864078,8.103922,4.318276
olsr,20.000000,25,4,1030,810,220,852120,0.066241,78.640777,6.121083,3.146911
dsdv,1.000000,1,1,1030,0,951,0,0.000000,0.000000,0.000000,0.000000
dsdv,1.000000,1,2,1030,1030,0,1083560,0.084239,100.000000,3.698232,1.123646
dsdv,1.000000,1,3,1030,1030,0,1083560,0.084238,100.000000,3.620772,1.134722
dsdv,1.000000,1,4,1030,1,950,1052,0.000093,0.097087,40.261571,0.000000
dsdv,1.000000,2,1,1030,1029,1,1082508,0.084156,99.902913,4.160877,1.513960
dsdv,1.000000,2,2,1030,0,951,0,0.000000,0.000000,0.000000,0.000000
dsdv,1.000000,2,3,1030,1030,0,1083560,0.084239,100.000000,4.012590,1.518492
dsdv,1.000000,2,4,1030,1030,0,1083560,0.084241,100.000000,3.696318,1.443593
dsdv,1.000000,3,1,1030,842,188,885784,0.068865,81.747573,11.281997,7.714406
dsdv,1.000000,3,2,1030,0,951,0,0.000000,0.000000,0.000000,0.000000
dsdv,1.000000,3,3,1030,0,951,0,0.000000,0.000000,0.000000,0.000000
dsdv,1.000000,3,4,1030,900,51,946800,0.084156,87.378641,5.544883,3.453748
dsdv,1.000000,4,1,1030,427,603,449204,0.034923,41.456311,6.828803,2.176009
dsdv,1.000000,4,2,1030,1030,0,1083560,0.084238,100.000000,2.603076,0.942785
dsdv,1.000000,4,3,1030,0,951,0,0.000000,0.000000,0.000000,0.000000
dsdv,1.000000,4,4,1030,1030,0,1083560,0.084237,100.000000,3.747664,1.140757
dsdv,1.000000,5,1,1030,0,951,0,0.000000,0.000000,0.000000,0.000000
dsdv,1.000000,5,2,1030,385,566,405020,0.035959,37.378641,24.308698,12.172794
dsdv,1.000000,5,3,1030,1007,23,1059364,0.082353,97.766990,10.107869,5.753835
dsdv,1.000000,5,4,1030,1029,1,1082508,0.084150,99.902913,11.398689,6.049798
dsdv,1.000000,6,1,1030,858,172,902616,0.070172,83.300971,8.669194,3.982877
dsdv,1.000000,6,2,1030,28,923,29456,0.004930,2.718447,8.180995,4.263506
dsdv,1.000000,6,3,1030,0,951,0,0.000000,0.000000,0.000000,0.000000
dsdv,1.000000,6,4,1030,1028,2,1081456,0.084075,99.805825,7.069721,3.630357
dsdv,1.000000,7,1,1030,50,901,52600,0.008876,4.854369,7.223199,0.898343
dsdv,1.000000,7,2,1030,0,951,0,0.000000,0.000000,0.000000,0.000000
dsdv,1.000000,7,3,1030,0,951,0,0.000000,0.000000,0.000000,0.000000
dsdv,1.000000,7,4,1030,879,151,924708,0.071891,85.339806,1.787850,0.214146
dsdv,1.000000,8,1,1030,879,151,924708,0.071890,85.339806,5.517673,2.142485
dsdv,1.000000,8,2,1030,561,390,590172,0.050170,54.466019,7.582763,2.350420
dsdv,1.000000,8,3,1030,1029,1,1082508,0.084156,99.902913,5.239274,2.459889
dsdv,1.000000,8,4,1030,1030,0,1083560,0.084237,100.000000,4.947952,2.263032
dsdv,1.000000,9,1,1030,889,141,935228,0.072707,86.310680,4.575615,1.714951
dsdv,1.000000,9,2,1030,1030,0,1083560,0.084237,100.000000,4.297768,1.696067
dsdv,1.000000,9,3,1030,1030,0,1083560,0.084238,100.000000,4.355298,1.718485
dsdv,1.000000,9,4,1030,0,951,0,0.000000,0.000000,0.000000,0.000000
dsdv,1.000000,10,1,1030,329,622,346108,0.066373,31.941748,13.817919,7.311074
dsdv,1.000000,10,2,1030,1004,26,1056208,0.082112,97.475728,5.139270,2.446023
dsdv,1.000000,10,3,1030,1021,9,1074092,0.083504,99.126214,9.469297,5.411421
dsdv,1.000000,10,4,1030,1022,8,1075144,0.083583,99.223301,12.015534,6.020255
dsdv,1.000000,11,1,1030,89,862,93628,0.083981,8.640777,15.375825,6.257329
dsdv,1.000000,11,2,1030,1030,0,1083560,0.084238,100.000000,5.230998,2.336379
dsdv,1.000000,11,3,1030,1030,0,1083560,0.084239,100.000000,4.946231,2.334222
dsdv,1.000000,11,4,1030,1030,0,1083560,0.084237,100.000000,6.057197,3.733396
dsdv,1.000000,12,1,1030,1030,0,1083560,0.084239,100.000000,5.274043,2.792500
dsdv,1.000000,12,2,1030,1030,0,1083560,0.084236,100.000000,7.925345,3.462346
dsdv,1.000000,12,3,1030,709,321,745868,0.057984,68.834951,7.419580,2.677632
dsdv,1.000000,12,4,1030,1030,0,1083560,0.084240,100.000000,4.774177,2.138852
dsdv,1.000000,13,1,1030,1030,0,1083560,0.084237,100.000000,7.304354,3.679296
dsdv,1.000000,13,2,1030,0,951,0,0.000000,0.000000,0.000000,0.000000
dsdv,1.000000,13,3,1030,1030,0,1083560,0.084238,100.000000,5.879440,3.129810
dsdv,1.000000,13,4,1030,625,405,657500,0.051113,60.679612,6.800361,3.062625
dsdv,1.000000,14,1,1030,1030,0,1083560,0.084238,100.000000,4.588111,1.933307
dsdv,1.000000,14,2,1030,876,154,921552,0.071641,85.048544,8.703346,3.117717
dsdv,1.000000,14,3,1030,1030,0,1083560,0.084237,100.000000,1.941575,0.815904
dsdv,1.000000,14,4,1030,0,951,0,0.000000,0.000000,0.000000,0.000000
dsdv,1.000000,15,1,1030,1030,0,1083560,0.084238,100.000000,3.490635,0.920786
dsdv,1.000000,15,2,1030,0,951,0,0.000000,0.000000,0.000000,0.000000
dsdv,1.000000,15,3,1030,1030,0,1083560,0.084239,100.000000,2.888860,0.840081
dsdv,1.000000,15,4,1030,0,951,0,0.000000,0.000000,0.000000,0.000000
dsdv,1.000000,16,1,1030,300,651,315600,0.056097,29.126214,8.867097,3.406429
dsdv,1.000000,16,2,1030,1030,0,1083560,0.084239,100.000000,8.788934,4.847714
dsdv,1.000000,16,3,1030,893,137,939436,0.073033,86.699029,10.323769,4.936063
dsdv,1.000000,16,4,1030,571,380,600692,0.053387,55.436893,17.686763,9.611130
dsdv,1.000000,17,1,1030,1030,0,1083560,0.084238,100.000000,3.675391,1.161734
dsdv,1.000000,17,2,1030,1030,0,1083560,0.084240,100.000000,3.580674,1.144600
dsdv,1.000000,17,3,1030,0,951,0,0.000000,0.000000,0.000000,0.000000
dsdv,1.000000,17,4,1030,7,944,7364,0.001712,0.679612,8.725625,2.403927
dsdv,1.000000,18,1,1030,0,951,0,0.000000,0.000000,0.000000,0.000000
dsdv,1.000000,18,2,1030,1030,0,1083560,0.084237,100.000000,6.673479,3.111028
dsdv,1.000000,18,3,1030,936,94,984672,0.076550,90.873786,4.687964,1.736523
dsdv,1.000000,18,4,1030,1030,0,1083560,0.084239,100.000000,5.800629,3.155515
dsdv,1.000000,19,1,1030,718,312,755336,0.058720,69.708738,11.540278,6.073364
dsdv,1.000000,19,2,1030,1030,0,1083560,0.084240,100.000000,8.662750,7.954611
dsdv,1.000000,19,3,1030,1030,0,1083560,0.084236,100.000000,8.024884,4.590733
dsdv,1.000000,19,4,1030,1,950,1052,0.000093,0.097087,76.849881,0.000000
dsdv,1.000000,20,1,1030,1030,0,1083560,0.084241,100.000000,4.267398,2.973926
dsdv,1.000000,20,2,1030,0,951,0,0.000000,0.000000,0.000000,0.000000
dsdv,1.000000,20,3,1030,72,879,75744,0.007798,6.990291,10.560917,4.158362
dsdv,1.000000,20,4,1030,1030,0,1083560,0.084240,100.000000,5.103110,2.788258
dsdv,1.000000,21,1,1030,29,922,30508,0.013633,2.815534,2.614560,0.344664
dsdv,1.000000,21,2,1030,29,922,30508,0.007418,2.815534,2.940477,0.682501
dsdv,1.000000,21,3,1030,0,951,0,0.000000,0.000000,0.000000,0.000000
dsdv,1.000000,21,4,1030,0,951,0,0.000000,0.000000,0.000000,0.000000
dsdv,1.000000,22,1,1030,378,573,397656,0.042413,36.699029,11.154429,5.348219
dsdv,1.000000,22,2,1030,451,500,474452,0.063257,43.786408,7.154546,2.537352
dsdv,1.000000,22,3,1030,1030,0,1083560,0.084239,100.000000,7.137540,3.093130
dsdv,1.000000,22,4,1030,1030,0,1083560,0.084241,100.000000,2.605722,1.097421
dsdv,1.000000,23,1,1030,530,500,557560,0.043344,51.456311,10.746397,5.713802
dsdv,1.000000,23,2,1030,0,951,0,0.000000,0.000000,0.000000,0.000000
dsdv,1.000000,23,3,1030,1009,21,1061468,0.082514,97.961165,9.924713,5.637857
dsdv,1.000000,23,4,1030,27,924,28404,0.002492,2.621359,4.915356,2.617219
dsdv,1.000000,24,1,1030,871,159,916292,0.071234,84.563107,6.413388,2.114114
dsdv,1.000000,24,2,1030,173,778,181996,0.016175,16.796117,12.139764,6.047556
dsdv,1.000000,24,3,1030,1030,0,1083560,0.084239,100.000000,4.123516,1.624609
dsdv,1.000000,24,4,1030,1030,0,1083560,0.084241,100.000000,1.589100,0.379192
dsdv,1.000000,25,1,1030,1029,1,1082508,0.084152,99.902913,9.529122,6.448451
dsdv,1.000000,25,2,1030,764,266,803728,0.062479,74.174757,10.268838,5.523334
dsdv,1.000000,25,3,1030,0,951,0,0.000000,0.000000,0.000000,0.000000
dsdv,1.000000,25,4,1030,1030,0,1083560,0.084237,100.000000,3.374783,1.409377
dsdv,5.000000,1,1,1030,1,950,1052,0.000092,0.097087,1018.540215,0.000000
dsdv,5.000000,1,2,1030,260,691,273520,0.023032,25.242718,5.741994,2.390208
dsdv,5.000000,1,3,1030,1030,0,1083560,0.084241,100.000000,2.069900,0.639962
dsdv,5.000000,1,4,1030,0,951,0,0.000000,0.000000,0.000000,0.000000
dsdv,5.000000,2,1,1030,958,72,1007816,0.078343,93.009709,6.053279,2.487802
dsdv,5.000000,2,2,1030,961,69,1010972,0.078594,93.300971,8.419181,4.065526
dsdv,5.000000,2,3,1030,1030,0,1083560,0.084234,100.000000,6.209163,2.995124
dsdv,5.000000,2,4,1030,1030,0,1083560,0.084240,100.000000,6.101239,3.104101
dsdv,5.000000,3,1,1030,941,89,989932,0.076961,91.359223,3.375374,1.470150
dsdv,5.000000,3,2,1030,278,752,292456,0.022736,26.990291,7.159165,2.765119
dsdv,5.000000,3,3,1030,0,951,0,0.000000,0.000000,0.000000,0.000000
dsdv,5.000000,3,4,1030,199,752,209348,0.047709,19.320388,5.418835,1.467213
dsdv,5.000000,4,1,1030,107,844,112564,0.013458,10.388350,13.352129,6.127736
dsdv,5.000000,4,2,1030,1029,1,1082508,0.084157,99.902913,4.718336,2.101019
dsdv,5.000000,4,3,1030,734,296,772168,0.060029,71.262136,10.252200,2.865509
dsdv,5.000000,4,4,1030,936,94,984672,0.076548,90.873786,5.315117,2.095371
dsdv,5.000000,5,1,1030,1015,15,1067780,0.083011,98.543689,6.911257,3.616261
dsdv,5.000000,5,2,1030,879,151,924708,0.071890,85.339806,7.982330,4.009323
dsdv,5.000000,5,3,1030,28,923,29456,0.002581,2.718447,6.877356,3.031838
dsdv,5.000000,5,4,1030,214,737,225128,0.022151,20.776699,6.292957,2.482945
dsdv,5.000000,6,1,1030,866,164,911032,0.070822,84.077670,4.802889,1.734441
dsdv,5.000000,6,2,1030,1030,0,1083560,0.084237,100.000000,3.777683,1.675636
dsdv,5.000000,6,3,1030,1026,4,1079352,0.083911,99.611650,4.608854,1.735424
dsdv,5.000000,6,4,1030,0,950,0,0.000000,0.000000,0.000000,0.000000
dsdv,5.000000,7,1,1030,0,951,0,0.000000,0.000000,0.000000,0.000000
dsdv,5.000000,7,2,1030,1030,0,1083560,0.084239,100.000000,3.553125,1.341326
dsdv,5.000000,7,3,1030,0,951,0,0.000000,0.000000,0.000000,0.000000
dsdv,5.000000,7,4,1030,1029,1,1082508,0.084158,99.902913,3.986241,1.378683
dsdv,5.000000,8,1,1030,1014,16,1066728,0.082931,98.446602,5.609301,2.687290
dsdv,5.000000,8,2,1030,184,767,193568,0.084125,17.864078,7.135444,2.724770
dsdv,5.000000,8,3,1030,716,314,753232,0.058557,69.514563,7.979773,3.593631
dsdv,5.000000,8,4,1030,1030,0,1083560,0.084238,100.000000,3.811241,1.559458
dsdv,5.000000,9,1,1030,1006,24,1058312,0.082264,97.669903,3.738184,1.381617
dsdv,5.000000,9,2,1030,0,951,0,0.000000,0.000000,0.000000,0.000000
dsdv,5.000000,9,3,1030,0,951,0,0.000000,0.000000,0.000000,0.000000
dsdv,5.000000,9,4,1030,678,352,713256,0.055445,65.825243,5.574417,1.954290
dsdv,5.000000,10,1,1030,890,140,936280,0.072788,86.407767,5.187476,1.991515
dsdv,5.000000,10,2,1030,61,890,64172,0.029155,5.922330,6.002799,2.832059
dsdv,5.000000,10,3,1030,1030,0,1083560,0.084237,100.000000,4.563586,1.791441
dsdv,5.000000,10,4,1030,991,39,1042532,0.081050,96.213592,5.562955,2.939033
dsdv,5.000000,11,1,1030,850,180,894200,0.069518,82.524272,8.185298,3.427028
dsdv,5.000000,11,2,1030,26,925,27352,0.012428,2.524272,7.217639,1.986245
dsdv,5.000000,11,3,1030,1007,23,1059364,0.082357,97.766990,4.957938,2.339342
dsdv,5.000000,11,4,1030,278,673,292456,0.029952,26.990291,17.660841,10.777418
dsdv,5.000000,12,1,1030,150,801,157800,0.021036,14.563107,9.043856,5.103256
dsdv,5.000000,12,2,1030,902,128,948904,0.073771,87.572816,6.375477,3.061725
dsdv,5.000000,12,3,1030,999,31,1050948,0.081706,96.990291,6.323212,3.261144
dsdv,5.000000,12,4,1030,465,486,489180,0.052170,45.145631,6.980305,3.920475
dsdv,5.000000,13,1,1030,182,769,191464,0.019536,17.669903,12.505013,5.489765
dsdv,5.000000,13,2,1030,492,459,517584,0.056023,47.766990,6.440286,2.668542
dsdv,5.000000,13,3,1030,0,951,0,0.000000,0.000000,0.000000,0.000000
dsdv,5.000000,13,4,1030,1030,0,1083560,0.084241,100.000000,3.596683,1.481068
dsdv,5.000000,14,1,1030,74,877,77848,0.013804,7.184466,9.933283,4.405234
dsdv,5.000000,14,2,1030,1,950,1052,0.211015,0.097087,39.883436,0.000000
dsdv,5.000000,14,3,1030,1030,0,1083560,0.084239,100.000000,3.737865,1.343344
dsdv,5.000000,14,4,1030,847,183,891044,0.069273,82.233010,4.446030,1.735134
dsdv,5.000000,15,1,1030,1029,1,1082508,0.084153,99.902913,6.185386,3.398439
dsdv,5.000000,15,2,1030,300,651,315600,0.042077,29.126214,9.641750,4.647909
dsdv,5.000000,15,3,1030,969,61,1019388,0.079244,94.077670,7.743400,3.802893
dsdv,5.000000,15,4,1030,1,950,1052,0.000092,0.097087,1020.995382,0.000000
dsdv,5.000000,16,1,1030,1029,1,1082508,0.084154,99.902913,6.026030,2.966817
dsdv,5.000000,16,2,1030,1030,0,1083560,0.084239,100.000000,6.346770,3.444390
dsdv,5.000000,16,3,1030,1025,5,1078300,0.083831,99.514563,6.695260,2.775886
dsdv,5.000000,16,4,1030,1008,22,1060416,0.082438,97.864078,8.319358,3.519826
dsdv,5.000000,17,1,1030,928,102,976256,0.075894,90.097087,4.673803,1.747024
dsdv,5.000000,17,2,1030,1030,0,1083560,0.084238,100.000000,4.050320,1.556540
dsdv,5.000000,17,3,1030,0,951,0,0.000000,0.000000,0.000000,0.000000
dsdv,5.000000,17,4,1030,307,723,322964,0.025108,29.805825,6.891832,3.308200
dsdv,5.000000,18,1,1030,923,27,970996,0.083885,89.611650,3.924858,1.613927
dsdv,5.000000,18,2,1030,0,951,0,0.000000,0.000000,0.000000,0.000000
dsdv,5.000000,18,3,1030,226,725,237752,0.021132,21.941748,6.224370,1.943748
dsdv,5.000000,18,4,1030,904,96,951008,0.076152,87.766990,13.891309,8.293643
dsdv,5.000000,19,1,1030,1027,3,1080404,0.083994,99.708738,6.621882,3.323701
dsdv,5.000000,19,2,1030,1030,0,1083560,0.084237,100.000000,7.163974,3.475832
dsdv,5.000000,19,3,1030,1010,20,1062520,0.082603,98.058252,8.357161,4.156950
dsdv,5.000000,19,4,1030,32,919,33664,0.002886,3.106796,6.722516,2.783095
dsdv,5.000000,20,1,1030,1030,0,1083560,0.084238,100.000000,3.799974,1.255710
dsdv,5.000000,20,2,1030,964,66,1014128,0.078842,93.592233,3.833340,1.240884
dsdv,5.000000,20,3,1030,0,951,0,0.000000,0.000000,0.000000,0.000000
dsdv,5.000000,20,4,1030,0,951,0,0.000000,0.000000,0.000000,0.000000
dsdv,5.000000,21,1,1030,1030,0,1083560,0.084240,100.000000,4.592316,1.800010
dsdv,5.000000,21,2,1030,0,951,0,0.000000,0.000000,0.000000,0.000000
dsdv,5.000000,21,3,1030,939,91,987828,0.076796,91.165049,6.195105,4.209003
dsdv,5.000000,21,4,1030,1030,0,1083560,0.084237,100.000000,4.322556,1.735919
dsdv,5.000000,22,1,1030,717,234,754284,0.076867,69.611650,4.400456,1.712387
dsdv,5.000000,22,2,1030,834,117,877368,0.077976,80.970874,6.269201,3.007862
dsdv,5.000000,22,3,1030,0,951,0,0.000000,0.000000,0.000000,0.000000
dsdv,5.000000,22,4,1030,790,240,831080,0.064612,76.699029,4.964756,2.148371
dsdv,5.000000,23,1,1030,0,951,0,0.000000,0.000000,0.000000,0.000000
dsdv,5.000000,23,2,1030,46,905,48392,0.004203,4.466019,6.418243,2.694523
dsdv,5.000000,23,3,1030,1030,0,1083560,0.084238,100.000000,3.995663,1.624485
dsdv,5.000000,23,4,1030,754,276,793208,0.061664,73.203883,8.418570,4.056242
dsdv,5.000000,24,1,1030,0,951,0,0.000000,0.000000,0.000000,0.000000
dsdv,5.000000,24,2,1030,996,34,1047792,0.081459,96.699029,4.435291,1.643410
dsdv,5.000000,24,3,1030,724,306,761648,0.059211,70.291262,5.096935,1.774476
dsdv,5.000000,24,4,1030,1030,0,1083560,0.084241,100.000000,4.018642,1.618072
dsdv,5.000000,25,1,1030,1030,0,1083560,0.084236,100.000000,4.516651,1.893434
dsdv,5.000000,25,2,1030,161,869,169372,0.013167,15.631068,23.726461,14.822182
dsdv,5.000000,25,3,1030,963,0,1013076,0.084245,93.495146,3.861652,1.538868
dsdv,5.000000,25,4,1030,1030,0,1083560,0.084237,100.000000,3.121915,1.104259
dsdv,10.000000,1,1,1030,917,113,964684,0.074995,89.029126,4.978862,2.393118
dsdv,10.000000,1,2,1030,65,886,68380,0.010896,6.310680,6.581836,2.280236
dsdv,10.000000,1,3,1030,859,92,903668,0.076094,83.398058,4.879199,2.424401
dsdv,10.000000,1,4,1030,0,951,0,0.000000,0.000000,0.000000,0.000000
dsdv,10.000000,2,1,1030,0,951,0,0.000000,0.000000,0.000000,0.000000
dsdv,10.000000,2,2,1030,0,951,0,0.000000,0.000000,0.000000,0.000000
dsdv,10.000000,2,3,1030,14,937,14728,0.001288,1.359223,3.039210,0.912480
dsdv,10.000000,2,4,1030,837,193,880524,0.068456,81.262136,8.233243,4.927173
dsdv,10.000000,3,1,1030,877,137,922604,0.072857,85.145631,4.328042,1.532313
dsdv,10.000000,3,2,1030,833,197,876316,0.068127,80.873786,4.782510,1.996465
dsdv,10.000000,3,3,1030,0,951,0,0.000000,0.000000,0.000000,0.000000
dsdv,10.000000,3,4,1030,56,895,58912,0.005072,5.436893,13.679353,4.928427
dsdv,10.000000,4,1,1030,697,333,733244,0.057004,67.669903,8.136965,4.580480
dsdv,10.000000,4,2,1030,986,0,1037272,0.084241,95.728155,5.841402,3.054598
dsdv,10.000000,4,3,1030,983,47,1034116,0.080392,95.436893,9.110781,5.293804
dsdv,10.000000,4,4,1030,850,180,894200,0.069518,82.524272,6.251358,3.044281
dsdv,10.000000,5,1,1030,921,109,968892,0.075325,89.417476,2.522035,0.948096
dsdv,10.000000,5,2,1030,269,696,282988,0.022000,26.116505,6.738396,2.711997
dsdv,10.000000,5,3,1030,56,895,58912,0.005225,5.436893,12.932714,6.196793
dsdv,10.000000,5,4,1030,8,943,8416,0.001992,0.776699,5.497624,2.026191
dsdv,10.000000,6,1,1030,931,20,979412,0.083617,90.388350,4.686681,2.303097
dsdv,10.000000,6,2,1030,144,807,151488,0.016488,13.980583,6.129006,2.300347
dsdv,10.000000,6,3,1030,67,884,70484,0.006256,6.504854,6.846701,3.008892
dsdv,10.000000,6,4,1030,911,119,958372,0.074507,88.446602,4.141224,1.560975
dsdv,10.000000,7,1,1030,1030,0,1083560,0.084229,100.000000,6.617491,3.206010
dsdv,10.000000,7,2,1030,1030,0,1083560,0.084225,100.000000,5.596429,2.547735
dsdv,10.000000,7,3,1030,947,30,996244,0.081657,91.941748,4.897957,2.353026
dsdv,10.000000,7,4,1030,57,899,59964,0.005022,5.533981,14.557483,5.398026
dsdv,10.000000,8,1,1030,22,929,23144,0.002006,2.135922,6.836987,1.898765
dsdv,10.000000,8,2,1030,964,66,1014128,0.078842,93.592233,5.364968,2.366792
dsdv,10.000000,8,3,1030,888,142,934176,0.072624,86.213592,5.215311,2.176861
dsdv,10.000000,8,4,1030,1030,0,1083560,0.084238,100.000000,4.658510,2.191392
dsdv,10.000000,9,1,1030,800,230,841600,0.065426,77.669903,5.276730,2.470860
dsdv,10.000000,9,2,1030,663,367,697476,0.054223,64.368932,5.221607,2.663296
dsdv,10.000000,9,3,1030,671,359,705892,0.054874,65.145631,5.202226,2.461749
dsdv,10.000000,9,4,1030,0,951,0,0.000000,0.000000,0.000000,0.000000
dsdv,10.000000,10,1,1030,796,234,837392,0.065103,77.281553,1.917370,0.514234
dsdv,10.000000,10,2,1030,21,930,22092,0.002266,2.038835,133.224675,50.826715
dsdv,10.000000,10,3,1030,63,888,66276,0.006165,6.116505,4.732278,1.043466
dsdv,10.000000,10,4,1030,65,886,68380,0.008655,6.310680,5.937690,1.414777
dsdv,10.000000,11,1,1030,710,320,746920,0.058065,68.932039,4.954393,2.364448
dsdv,10.000000,11,2,1030,921,109,968892,0.075319,89.417476,4.728007,2.283355
dsdv,10.000000,11,3,1030,63,888,66276,0.008429,6.116505,5.650662,1.983345
dsdv,10.000000,11,4,1030,171,780,179892,0.018665,16.601942,7.429527,2.866553
dsdv,10.000000,12,1,1030,0,951,0,0.000000,0.000000,0.000000,0.000000
dsdv,10.000000,12,2,1030,0,951,0,0.000000,0.000000,0.000000,0.000000
dsdv,10.000000,12,3,1030,1,950,1052,0.000093,0.097087,8.794290,0.000000
dsdv,10.000000,12,4,1030,672,346,706944,0.055609,65.242718,2.079338,0.785619
dsdv,10.000000,13,1,1030,33,918,34716,0.008338,3.203883,7.347509,0.813335
dsdv,10.000000,13,2,1030,139,864,146228,0.011674,13.495146,4.116928,1.382517
dsdv,10.000000,13,3,1030,24,927,25248,0.003236,2.330097,3.179862,0.937193
dsdv,10.000000,13,4,1030,189,841,198828,0.015457,18.349515,4.440869,1.361489
dsdv,10.000000,14,1,1030,893,137,939436,0.073033,86.699029,4.934217,2.350427
dsdv,10.000000,14,2,1030,39,912,41028,0.005460,3.786408,9.618276,1.874972
dsdv,10.000000,14,3,1030,5,946,5260,0.000868,0.485437,7.205694,4.685269
dsdv,10.000000,14,4,1030,817,213,859484,0.066819,79.320388,4.681470,1.954170
dsdv,10.000000,15,1,1030,852,178,896304,0.069680,82.718447,3.837978,1.439616
dsdv,10.000000,15,2,1030,225,726,236700,0.021039,21.844660,12.756097,3.709015
dsdv,10.000000,15,3,1030,40,911,42080,0.004474,3.883495,6.828697,2.873754
dsdv,10.000000,15,4,1030,997,0,1048844,0.084241,96.796117,3.455307,1.293660
dsdv,10.000000,16,1,1030,978,52,1028856,0.079984,94.951456,6.618234,3.002662
dsdv,10.000000,16,2,1030,941,89,989932,0.076956,91.359223,6.591881,3.654973
dsdv,10.000000,16,3,1030,1029,1,1082508,0.084144,99.902913,8.434126,4.268111
dsdv,10.000000,16,4,1030,1030,0,1083560,0.084228,100.000000,7.987477,3.510824
dsdv,10.000000,17,1,1030,986,44,1037272,0.080641,95.728155,5.101291,2.505821
dsdv,10.000000,17,2,1030,1029,1,1082508,0.084159,99.902913,6.102197,2.922940
dsdv,10.000000,17,3,1030,63,902,66276,0.005500,6.116505,6.249368,1.508487
dsdv,10.000000,17,4,1030,899,131,945748,0.073524,87.281553,7.486325,3.750611
dsdv,10.000000,18,1,1030,96,864,100992,0.007851,9.320388,8.927263,5.222793
dsdv,10.000000,18,2,1030,948,3,997296,0.084243,92.038835,5.184871,2.422989
dsdv,10.000000,18,3,1030,229,722,240908,0.022329,22.233010,13.207505,5.273325
dsdv,10.000000,18,4,1030,750,277,789000,0.061335,72.815534,7.253389,3.791188
dsdv,10.000000,19,1,1030,202,749,212504,0.026072,19.611650,10.518048,5.422392
dsdv,10.000000,19,2,1030,0,951,0,0.000000,0.000000,0.000000,0.000000
dsdv,10.000000,19,3,1030,1003,27,1055156,0.082030,97.378641,4.420580,1.785693
dsdv,10.000000,19,4,1030,975,55,1025700,0.079741,94.660194,5.531204,2.497965
dsdv,10.000000,20,1,1030,1030,0,1083560,0.084238,100.000000,3.817490,1.683752
dsdv,10.000000,20,2,1030,793,237,834236,0.064856,76.990291,4.753944,1.868516
dsdv,10.000000,20,3,1030,68,883,71536,0.007384,6.601942,6.347420,2.603534
dsdv,10.000000,20,4,1030,0,951,0,0.000000,0.000000,0.000000,0.000000
dsdv,10.000000,21,1,1030,849,118,893148,0.073965,82.427184,14.613320,8.855548
dsdv,10.000000,21,2,1030,1022,8,1075144,0.083561,99.223301,7.251706,3.021688
dsdv,10.000000,21,3,1030,120,831,126240,0.016779,11.650485,7.274898,2.551454
dsdv,10.000000,21,4,1030,1008,22,1060416,0.082419,97.864078,4.950343,2.150542
dsdv,10.000000,22,1,1030,150,801,157800,0.028051,14.563107,5.418226,1.711926
dsdv,10.000000,22,2,1030,727,224,764804,0.067830,70.582524,4.893419,1.973451
dsdv,10.000000,22,3,1030,370,581,389240,0.068580,35.922330,4.944912,2.457545
dsdv,10.000000,22,4,1030,967,63,1017284,0.079087,93.883495,8.620206,3.962058
dsdv,10.000000,23,1,1030,975,55,1025700,0.079742,94.660194,5.125462,2.330886
dsdv,10.000000,23,2,1030,38,913,39976,0.083725,3.689320,10.588400,7.430575
dsdv,10.000000,23,3,1030,111,840,116772,0.013137,10.776699,8.900027,4.926224
dsdv,10.000000,23,4,1030,497,454,522844,0.045119,48.252427,7.292524,3.781098
dsdv,10.000000,24,1,1030,0,951,0,0.000000,0.000000,0.000000,0.000000
dsdv,10.000000,24,2,1030,78,873,82056,0.010452,7.572816,7.036619,2.652881
dsdv,10.000000,24,3,1030,765,265,804780,0.062566,74.271845,4.168016,1.092267
dsdv,10.000000,24,4,1030,1030,0,1083560,0.084238,100.000000,1.927208,0.506269
dsdv,10.000000,25,1,1030,79,872,83108,0.008834,7.669903,44.509852,17.723787
dsdv,10.000000,25,2,1030,789,231,830028,0.065163,76.601942,4.793046,2.103343
dsdv,10.000000,25,3,1030,1030,0,1083560,0.084238,100.000000,4.456411,1.833872
dsdv,10.000000,25,4,1030,879,80,924708,0.077218,85.339806,7.314576,2.888668
dsdv,20.000000,1,1,1030,679,338,714308,0.055533,65.922330,4.262394,1.682155
dsdv,20.000000,1,2,1030,49,902,51548,0.004482,4.757282,6.416373,2.022513
dsdv,20.000000,1,3,1030,897,80,943644,0.073361,87.087379,3.723636,1.562523
dsdv,20.000000,1,4,1030,62,889,65224,0.010915,6.019417,5.912225,1.822375
dsdv,20.000000,2,1,1030,976,54,1026752,0.079824,94.757282,7.911757,4.686851
dsdv,20.000000,2,2,1030,33,918,34716,0.084023,3.203883,5.565683,0.996824
dsdv,20.000000,2,3,1030,53,898,55756,0.005704,5.145631,5.630699,2.393575
dsdv,20.000000,2,4,1030,41,910,43132,0.003734,3.980583,8.253010,3.982128
dsdv,20.000000,3,1,1030,852,174,896304,0.069954,82.718447,2.598716,0.942598
dsdv,20.000000,3,2,1030,201,829,211452,0.016439,19.514563,6.090128,2.042951
dsdv,20.000000,3,3,1030,84,867,88368,0.015570,8.155340,8.192495,3.863936
dsdv,20.000000,3,4,1030,138,813,145176,0.018117,13.398058,6.785323,3.477084
dsdv,20.000000,4,1,1030,129,901,135708,0.010550,12.524272,12.832452,6.534148
dsdv,20.000000,4,2,1030,36,915,37872,0.003258,3.495146,8.390550,4.962588
dsdv,20.000000,4,3,1030,200,751,210400,0.027997,19.417476,7.130051,2.522475
dsdv,20.000000,4,4,1030,841,189,884732,0.068781,81.650485,3.594259,1.755544
dsdv,20.000000,5,1,1030,34,917,35768,0.003775,3.300971,9.878196,4.982811
dsdv,20.000000,5,2,1030,916,72,963632,0.074915,88.932039,6.283085,2.988557
dsdv,20.000000,5,3,1030,932,98,980464,0.076225,90.485437,6.542266,3.412328
dsdv,20.000000,5,4,1030,897,133,943644,0.073360,87.087379,6.418285,3.353459
dsdv,20.000000,6,1,1030,0,951,0,0.000000,0.000000,0.000000,0.000000
dsdv,20.000000,6,2,1030,380,571,399760,0.041745,36.893204,8.869913,3.894251
dsdv,20.000000,6,3,1030,941,89,989932,0.076961,91.359223,4.789486,2.333033
dsdv,20.000000,6,4,1030,761,189,800572,0.068127,73.883495,6.186850,3.084701
dsdv,20.000000,7,1,1030,1004,0,1056208,0.082111,97.475728,5.228930,2.773550
dsdv,20.000000,7,2,1030,74,877,77848,0.033836,7.184466,5.580235,1.787737
dsdv,20.000000,7,3,1030,614,416,645928,0.050217,59.611650,6.725196,3.548159
dsdv,20.000000,7,4,1030,35,916,36820,0.006073,3.398058,9.083142,5.015945
dsdv,20.000000,8,1,1030,844,166,887888,0.069026,81.941748,4.585410,1.992826
dsdv,20.000000,8,2,1030,72,879,75744,0.006458,6.990291,8.693193,4.682262
dsdv,20.000000,8,3,1030,0,951,0,0.000000,0.000000,0.000000,0.000000
dsdv,20.000000,8,4,1030,953,77,1002556,0.077942,92.524272,4.360926,1.844639
dsdv,20.000000,9,1,1030,0,951,0,0.000000,0.000000,0.000000,0.000000
dsdv,20.000000,9,2,1030,239,712,251428,0.026570,23.203883,2.727279,0.555851
dsdv,20.000000,9,3,1030,54,897,56808,0.004897,5.242718,8.108139,3.946562
dsdv,20.000000,9,4,1030,108,843,113616,0.009804,10.485437,3.202310,0.902375
dsdv,20.000000,10,1,1030,200,752,210400,0.017698,19.417476,9.716300,4.118984
dsdv,20.000000,10,2,1030,27,924,28404,0.006800,2.621359,117.979905,45.352354
dsdv,20.000000,10,3,1030,863,148,907876,0.070580,83.786408,5.214578,2.293712
dsdv,20.000000,10,4,1030,806,224,847912,0.065919,78.252427,6.721205,5.103439
dsdv,20.000000,11,1,1030,714,236,751128,0.064609,69.320388,7.568786,3.978290
dsdv,20.000000,11,2,1030,898,132,944696,0.073444,87.184466,5.547804,2.956664
dsdv,20.000000,11,3,1030,149,802,156748,0.025222,14.466019,8.752055,5.121248
dsdv,20.000000,11,4,1030,140,811,147280,0.013699,13.592233,11.297967,4.772079
dsdv,20.000000,12,1,1030,198,753,208296,0.021418,19.223301,5.472970,1.592278
dsdv,20.000000,12,2,1030,15,936,15780,0.001401,1.456311,493.129946,359.533517
dsdv,20.000000,12,3,1030,970,60,1020440,0.079334,94.174757,2.027784,0.720591
dsdv,20.000000,12,4,1030,26,925,27352,0.012430,2.524272,5.726167,2.039935
dsdv,20.000000,13,1,1030,150,801,157800,0.042057,14.563107,6.100009,2.025698
dsdv,20.000000,13,2,1030,191,760,200932,0.019720,18.543689,19.591828,7.120292
dsdv,20.000000,13,3,1030,741,210,779532,0.068152,71.941748,5.642471,2.793797
dsdv,20.000000,13,4,1030,850,150,894200,0.071606,82.524272,5.526255,2.846477
dsdv,20.000000,14,1,1030,85,866,89420,0.008092,8.252427,6.445622,2.661283
dsdv,20.000000,14,2,1030,0,951,0,0.000000,0.000000,0.000000,0.000000
dsdv,20.000000,14,3,1030,970,60,1020440,0.079334,94.174757,1.836929,0.711192
dsdv,20.000000,14,4,1030,118,833,124136,0.012051,11.456311,6.259393,2.317360
dsdv,20.000000,15,1,1030,710,256,746920,0.058066,68.932039,6.264224,3.317422
dsdv,20.000000,15,2,1030,54,897,56808,0.009729,5.242718,10.349343,3.623359
dsdv,20.000000,15,3,1030,974,56,1024648,0.079655,94.563107,5.538212,2.848721
dsdv,20.000000,15,4,1030,976,54,1026752,0.079823,94.757282,4.704730,2.145942
dsdv,20.000000,16,1,1030,797,233,838444,0.065184,77.378641,7.138766,3.064344
dsdv,20.000000,16,2,1030,0,951,0,0.000000,0.000000,0.000000,0.000000
dsdv,20.000000,16,3,1030,913,117,960476,0.074668,88.640777,6.571232,3.777397
dsdv,20.000000,16,4,1030,792,238,833184,0.064774,76.893204,6.461419,3.330736
dsdv,20.000000,17,1,1030,39,912,41028,0.084036,3.786408,5.360670,1.427494
dsdv,20.000000,17,2,1030,938,13,986776,0.084247,91.067961,3.637408,1.521193
dsdv,20.000000,17,3,1030,1030,0,1083560,0.084239,100.000000,3.781058,1.530211
dsdv,20.000000,17,4,1030,0,951,0,0.000000,0.000000,0.000000,0.000000
dsdv,20.000000,18,1,1030,48,903,50496,0.006412,4.660194,5.805208,1.718036
dsdv,20.000000,18,2,1030,920,64,967840,0.078764,89.320388,11.304418,6.998859
dsdv,20.000000,18,3,1030,0,951,0,0.000000,0.000000,0.000000,0.000000
dsdv,20.000000,18,4,1030,58,926,61016,0.004744,5.631068,5.159759,1.381472
dsdv,20.000000,19,1,1030,168,783,176736,0.034819,16.310680,5.765559,1.678136
dsdv,20.000000,19,2,1030,809,221,851068,0.066165,78.543689,5.083349,2.731216
dsdv,20.000000,19,3,1030,59,892,62068,0.015228,5.728155,9.595078,4.284756
dsdv,20.000000,19,4,1030,892,126,938384,0.073803,86.601942,4.378890,1.937684
dsdv,20.000000,20,1,1030,935,95,983620,0.076459,90.776699,6.267951,2.900233
dsdv,20.000000,20,2,1030,212,739,223024,0.034242,20.582524,11.756874,6.005164
dsdv,20.000000,20,3,1030,703,327,739556,0.057495,68.252427,5.964988,2.765586
dsdv,20.000000,20,4,1030,1030,0,1083560,0.084231,100.000000,5.493767,2.380189
dsdv,20.000000,21,1,1030,984,46,1035168,0.080470,95.533981,6.159289,3.049782
dsdv,20.000000,21,2,1030,940,90,988880,0.076878,91.262136,4.972935,2.452227
dsdv,20.000000,21,3,1030,182,769,191464,0.016452,17.669903,55.954567,36.217593
dsdv,20.000000,21,4,1030,878,73,923656,0.080662,85.242718,5.810725,2.722029
dsdv,20.000000,22,1,1030,867,163,912084,0.070909,84.174757,5.405554,3.057186
dsdv,20.000000,22,2,1030,26,925,27352,0.003574,2.524272,17.336316,15.292616
dsdv,20.000000,22,3,1030,693,337,729036,0.056677,67.281553,6.259637,3.431384
dsdv,20.000000,22,4,1030,222,759,233544,0.018406,21.553398,20.892831,5.353697
dsdv,20.000000,23,1,1030,62,889,65224,0.007810,6.019417,8.332344,4.170901
dsdv,20.000000,23,2,1030,792,238,833184,0.064773,76.893204,6.439800,2.990474
dsdv,20.000000,23,3,1030,823,207,865796,0.067308,79.902913,6.341622,2.871266
dsdv,20.000000,23,4,1030,873,157,918396,0.071399,84.757282,5.729912,2.637552
dsdv,20.000000,24,1,1030,0,951,0,0.000000,0.000000,0.000000,0.000000
dsdv,20.000000,24,2,1030,875,154,920500,0.071563,84.951456,4.390585,1.663759
dsdv,20.000000,24,3,1030,131,820,137812,0.084137,12.718447,5.393671,1.608356
dsdv,20.000000,24,4,1030,1004,26,1056208,0.082112,97.475728,4.156562,1.933450
dsdv,20.000000,25,1,1030,926,104,974152,0.075727,89.902913,9.965272,3.695057
dsdv,20.000000,25,2,1030,712,310,749024,0.058231,69.126214,4.682055,2.017602
dsdv,20.000000,25,3,1030,7,944,7364,0.003099,0.679612,10.336077,5.108396
dsdv,20.000000,25,4,1030,795,235,836340,0.065016,77.184466,4.835564,2.252195
